Yoshinobu Yamamoto, 29313209, 33825, 808967, P|B
Landon Knack, 3166653, 27487, 689017, P|B
Tanner Scott, 2223750, 17586, 656945, P|B
Shota Imanaga, 29326548, 33829, 684007, P|B
Blake Treinen, 1953420, 12572, 595014, P|B
Alex Vesia, 2933171, 25007, 681911, P|B
Caleb Thielbar, 1961735, 10078, 573204, P|B
Ben Casparius, 29453038, 30085, 676508, P|B
Anthony Banda, 2227751, 14706, 607455, P|B
Elijah Morgan, 3077700, 20203, 669212, P|B
Kirby Yates, 2036146, 9073, 489446, P|B
Porter Hodge, 29075754, 26413, 687863, P|B
Jon Berti, 1957205, 12037, 542932, 3B|UT|B
Nate Pearson, 2838064, 20160, 663878, P|B
Roki Sasaki, 29662256, 35323, 808963, P|B
Ryan Pressly, 2029067, 7005, 519151, P|B
Julian Merryweather, 2824403, 16703, 657240, P|B
Luis Garcia, 2069487, 6984, 472610, P|B
Ryan Brasier, 1661452, 5615, 518489, P|B
Enrique Hernandez, 1810385, 10472, 571771, 3B|OF|UT|B
Tommy Edman, 2914724, 19470, 669242, OF|UT|B
Will Smith, 2250617, 19197, 669257, C|UT|B
Ben Brown, 29033787, 23590, 676962, P|B
Justin Steele, 2211224, 17312, 657006, P|B
Dansby Swanson, 2184343, 18314, 621020, SS|UT|B
Carson Kelly, 2044542, 13620, 608348, C|UT|B
Miguel Amaya, 2804019, 21693, 665804, C|UT|B
Ian Happ, 2184356, 17919, 664023, OF|UT|B
Andy Pages, 3152041, 24816, 681624, OF|UT|B
Teoscar Hernandez, 2119659, 13066, 606192, OF|UT|B
Michael Conforto, 2135247, 16376, 624424, OF|UT|B
Vidal Brujan, 2821712, 20536, 660644, 2B|OF|SS|UT|B
Michael Busch, 3117931, 26319, 683737, 1B|UT|B
Max Muncy, 2106304, 13301, 571970, 3B|UT|B
Justin Turner, 1600680, 5235, 457759, 1B|UT|B
Kyle Tucker, 2184352, 18345, 663656, OF|UT|B
Matt Shaw, 29153549, 33322, 807713, 3B|UT|B
Miguel Rojas, 1670123, 7802, 500743, SS|UT|B
Pete Crow-Armstrong, 26615365, 27769, 691718, OF|UT|B
Seiya Suzuki, 27023012, 30116, 673548, OF|UT|B
Elieser Hernandez, 2823323, 16933, 622694, P|B
Randal Grichuk, 1745354, 10243, 545341, OF|UT|B
Byron Buxton, 2000026, 14161, 621439, OF|UT|B
Hunter Harvey, 2066703, 15507, 640451, P|B
Logan Allen, 2211756, 18555, 663531, P|B
Tyrone Taylor, 2044535, 13675, 621438, OF|UT|B
James Karinchak, 2837062, 20151, 675916, P|B
Gunnar Henderson, 3152104, 26289, 683002, SS|UT|B
Ken Giles, 2044511, 12910, 571704, P|B
Jurickson Profar, 1796123, 10815, 595777, OF|UT|B
Nic Enright, 28838300, sa3010299, 663671, P|B
Andrew Benintendi, 2184354, 17901, 643217, OF|UT|B
Brandon Drury, 1957192, 11615, 592273, 2B|UT|B
Garrett Hampson, 2507191, 19262, 641658, 2B|OF|UT|B
Martin Perez, 1674411, 6902, 527048, P|B
Ryan Cook, 2822092, 8855, 475857, P|B
Taylor Trammell, 2449436, 19960, 666211, OF|UT|B
Ty Madden, 26719702, 30140, 680744, P|B
Jose Urena, 2053483, 11589, 570632, P|B
Devin Williams, 2066820, 15816, 642207, P|B
Enoli Paredes, 3094415, 20447, 660600, P|B
Michael Grove, 2931956, 23221, 675627, P|B
Robby Snelling, 29075757, sa3020707, 702281, P|B
Sean Nolin, 2043264, 11341, 543594, P|B
Kole Calhoun, 1811964, 11200, 594777, 1B|UT|B
Clarke Schmidt, 2835068, 19899, 657376, P|B
Collin McHugh, 2008572, 7531, 543521, P|B
Brandon Williamson, 3152122, 25463, 682227, P|B
Justin Verlander, 530362, 8700, 434378, P|B
Nestor Cortes, 2822128, 17874, 641482, P|B
Zac Gallen, 2914671, 19291, 668678, P|B
Michael Baumann, 2910630, 20206, 657508, P|B
Franchy Cordero, 2119255, 14567, 614173, OF|UT|B
Blaze Alexander, 2932590, 23789, 677942, SS|UT|B
Justin Dunn, 2250604, 19268, 643290, P|B
Travis Blankenhorn, 2211192, 18395, 663905, UT|B
Nathan Eovaldi, 1803864, 9132, 543135, P|B
Yairo Munoz, 2167485, 16313, 622168, 2B|UT|B
Michael Taylor, 1954849, 11489, 572191, OF|UT|B
David Festa, 29075515, 30056, 701581, P|B
Ben Lively, 2117048, 14932, 594902, P|B
Jose Martinez, 1603031, 7996, 500874, SS|UT|B
Jose Ruiz, 2498754, 14552, 614179, P|B
Samad Taylor, 2910605, 22274, 669392, OF|UT|B
Jordan Lawlar, 26720082, 29976, 691783, SS|UT|B
Nabil Crismatt, 2822163, 17732, 622503, P|B
Brock Stewart, 2245782, 16727, 592779, P|B
Brandon Bielak, 2836609, 19866, 656232, P|B
Willi Castro, 2171637, 17338, 650489, 2B|3B|OF|SS|UT|B
Brett Wisely, 28838956, 27735, 689172, 2B|SS|UT|B
Steven Wilson, 2933203, 20353, 621051, P|B
Steven Matz, 2107839, 13361, 571927, P|B
Griffin Conine, 2931920, 21626, 665052, OF|UT|B
Ignacio Alvarez, 29085442, 31765, 805373, 2B|UT|B
Vinnie Pasquantino, 26747031, 27676, 686469, 1B|UT|B
Bryan De La Cruz, 2822262, 19600, 650559, OF|UT|B
Michael Toglia, 3117920, 25845, 669911, 1B|UT|B
Johnny Cueto, 288900, 6893, 456501, P|B
Yoshitomo Tsutsugo, 3152268, 27459, 660294, 1B|UT|B
Gavin Williams, 2837689, 30122, 668909, P|B
Ezequiel Duran, 3077704, 23733, 677649, 3B|OF|UT|B
Justin Williams, 28838050, 15490, 642211, 3B|UT|B
Nick Gordon, 2135244, 16337, 624503, OF|UT|B
Michael Harris, 3167984, 25931, 671739, OF|UT|B
Anthony Veneziano, 29085466, 27453, 685107, P|B
Chris Clarke, 26616948, sa3011411, 669247, P|B
Isiah Kiner-Falefa, 2122086, 16512, 643396, 2B|3B|SS|UT|B
Taylor Walls, 2837649, 22458, 670764, SS|UT|B
Blade Tidwell, 29075475, sa3020177, 694918, P|B
Jung Hoo Lee, 29295027, 33824, 808982, OF|UT|B
Patrick Wisdom, 2046043, 13602, 621550, 1B|UT|B
Andruw Monasterio, 3095050, 19455, 655316, 2B|3B|UT|B
Luis Ortiz, 2135262, 16942, 656814, P|B
Canaan Smith-Njigba, 2837520, 23264, 675986, OF|UT|B
Brenton Doyle, 3152047, 25479, 686668, OF|UT|B
Justin Wrobleski, 29295964, 31204, 680736, P|B
Luis Medina, 26615069, 21649, 665622, OF|UT|B
Mark Canha, 1960772, 11445, 592192, 1B|OF|UT|B
Jordan Walker, 3166486, 27475, 691023, OF|UT|B
Luis Castillo, 28840950, 15689, 622491, P|B
Scott Effross, 3094730, 18384, 664123, P|B
Randy Vasquez, 26762061, 24719, 681190, P|B
Carlos Martinez, 2228444, 11682, 593372, C|UT|B
Jacob Webb, 28855171, 19274, 657097, P|B
Matt Brash, 26757032, 25756, 666374, P|B
Richard Lovelady, 2910635, 19337, 663992, P|B
Jeremiah Estrada, 2836849, 22210, 669093, P|B
Patrick Bailey, 2836560, 27478, 672275, C|UT|B
Tanner Rainey, 2211237, 17610, 663432, P|B
Jordan Westburg, 26615346, 27815, 676059, 2B|3B|UT|B
Connor Joe, 2135269, 16572, 656582, 1B|OF|UT|B
Zebby Matthews, 29295979, 31827, 805673, P|B
Sean Bouchard, 2836632, 21270, 656248, OF|UT|B
Joe Mantiply, 2166715, 14857, 573009, P|B
Jorge Polanco, 2106657, 13152, 593871, 2B|UT|B
Braxton Garrett, 2250592, 21844, 666129, P|B
Cionel Perez, 2900485, 19614, 672335, P|B
Corbin Martin, 2837174, 19884, 656686, P|B
Jordan Montgomery, 2453275, 16511, 656756, P|B
MJ Melendez, 2910600, 22197, 669004, OF|UT|B
Stephen Piscotty, 2044751, 13367, 572039, OF|UT|B
Jack Kochanowicz, 26615398, 27688, 686799, P|B
Shay Whitcomb, 26911682, 27789, 694376, 3B|UT|B
Manny Machado, 1765812, 11493, 592518, 3B|UT|B
Mark Mathias, 2211778, 18032, 664029, 2B|UT|B
George Springer, 1894629, 12856, 543807, OF|UT|B
Ryan Bliss, 26911683, 29547, 669208, 2B|UT|B
Will Benson, 2250599, 21853, 666181, OF|UT|B
Bryce Johnson, 2837044, 20002, 669369, OF|UT|B
Austin Meadows, 2068549, 15672, 640457, OF|UT|B
Luis Urias, 2227185, 16622, 649966, 3B|UT|B
Luis Garcia, 2862994, 23735, 677651, P|B
James McCann, 1935464, 12859, 543510, C|UT|B
Trey Sweeney, 26719639, 29575, 700242, SS|UT|B
Jose Quintana, 1913316, 11423, 500779, P|B
Brennen Davis, 2931925, sa3007876, 680695, OF|UT|B
Nick Ahmed, 1959715, 12147, 605113, SS|UT|B
Luis Gonzalez, 2836929, 20332, 670768, OF|UT|B
Reiver Sanmartin, 2825758, 19754, 665665, P|B
Brendan McKay, 2835056, 20186, 656713, P|B
Darwinzon Hernandez, 2823320, 19848, 650382, P|B
Nick Martini, 2739976, 12005, 605361, UT|B
Cavan Biggio, 2772291, 19252, 624415, 2B|UT|B
Marcus Stroman, 2001082, 13431, 573186, P|B
Andy Ibanez, 2507344, 18819, 628451, 2B|UT|B
Edmundo Sosa, 2167505, 17022, 624641, 2B|3B|SS|UT|B
Eduardo Rodriguez, 2042426, 13164, 593958, P|B
David Buchanan, 2118123, 11176, 571527, P|B
Justin Wilson, 29091449, 4301, 458677, P|B
Joey Wentz, 2449979, 19962, 666214, P|B
Masataka Yoshida, 29041593, 31837, 807799, UT|B
Oscar Mercado, 2066823, 16375, 640458, OF|UT|B
Jett Williams, 28920017, sa3020134, 702518, SS|UT|B
Anthony Kay, 2250616, 20387, 641743, P|B
Xander Bogaerts, 1945481, 12161, 593428, 2B|SS|UT|B
Asa Lacy, 2837101, sa3014423, 669370, P|B
Kyle McCann, 3165224, 25575, 668832, C|UT|B
Nick Maton, 2837182, 21635, 665155, 3B|UT|B
Jacob Webb, 3054660, 19274, 657097, P|B
Woo-Suk Go, 29321672, sa3012630, 808970, P|B
Curtis Terry, 3096419, 18881, 663799, 1B|UT|B
David Bote, 2226658, 14593, 623520, 3B|UT|B
Adbert Alzolay, 2821213, 17859, 640470, P|B
Chris Rodriguez, 2910633, 22310, 669735, P|B
Chadwick Tromp, 2227126, 16953, 644433, C|UT|B
Jesse Winker, 2044492, 13590, 608385, OF|UT|B
Ildemaro Vargas, 2050861, 13324, 545121, 2B|3B|UT|B
Willy Adames, 2165933, 15986, 642715, SS|UT|B
Colson Montgomery, 26719651, sa3017170, 695657, SS|UT|B
Emmanuel Clase, 3107591, 21032, 661403, P|B
Yandy Diaz, 2121030, 16578, 650490, 1B|UT|B
Rob Refsnyder, 2120353, 13770, 608701, OF|UT|B
Adam Cimber, 2228215, 15288, 643256, P|B
Ryan Pepiot, 3166651, 26221, 686752, P|B
Connor Wong, 2837704, 19896, 657136, C|UT|B
Santiago Espinal, 2915585, 19997, 669289, 2B|3B|UT|B
Jose Berrios, 2044503, 14168, 621244, P|B
Austin Dean, 2118905, 18288, 621573, OF|UT|B
Edwin Diaz, 2227183, 14710, 621242, SS|UT|B
Wandy Peralta, 2264742, 14295, 593974, P|B
Fernando Cruz, 29339047, 7048, 518585, SS|UT|B
Jimmy Yacabonis, 2743311, 15157, 642231, P|B
Jackson Merrill, 26719676, 29490, 701538, OF|UT|B
Lyon Richardson, 2932033, 24581, 680689, P|B
Willson Contreras, 2171084, 11609, 575929, C|UT|B
Andrew Heaney, 2036439, 15423, 571760, P|B
Camilo Doval, 2822464, 21992, 666808, P|B
Kyle Isbel, 2932828, 21614, 664728, OF|UT|B
Johan Rojas, 2931298, 24336, 679032, OF|UT|B
Tylor Megill, 2932933, 21318, 656731, P|B
Kyle Gibson, 1739665, 10123, 502043, P|B
Josh Fleming, 2836874, 20418, 676596, P|B
Jose Rodriguez, 2931023, 24388, 679563, 2B|UT|B
Ross Stripling, 2044533, 13273, 548389, P|B
Luis Castillo, 29688602, 15689, 622491, OF|UT|B
Luis Gonzalez, 2804675, 20332, 670768, P|B
Tom Murphy, 2064804, 13499, 608596, C|UT|B
Bryan Baker, 3157614, 19804, 641329, P|B
Trevor Larnach, 2942980, 21501, 663616, OF|UT|B
Art Warren, 2912223, 18251, 605521, P|B
Logan Henderson, 29075729, sa3020080, 701656, P|B
Paul Sewald, 2218312, 13892, 623149, P|B
Daniel Mengden, 2170126, 16980, 596043, P|B
Hogan Harris, 2932799, 21520, 663687, P|B
Martin Maldonado, 1601825, 6887, 455117, C|UT|B
Roddery Munoz, 29033795, 25311, 682610, P|B
Taylor Widener, 2914057, 19266, 642203, P|B
Ryan Weber, 2121894, 10160, 543901, P|B
Garrett Stubbs, 2228210, 18067, 596117, C|UT|B
Ian Hamilton, 2823219, 19261, 641656, P|B
Genesis Cabrera, 2507521, 17490, 650893, P|B
Merrill Kelly, 2050483, 11156, 518876, P|B
Nick Solak, 2910603, 19294, 669256, UT|B
Bo Naylor, 2942992, 21865, 666310, C|UT|B
Cody Bradford, 26911814, 27597, 674003, P|B
Hunter Bigge, 29084388, 26259, 685801, P|B
Daniel Castano, 3157099, 19805, 641447, P|B
Luis Rengifo, 2772560, 19858, 650859, 2B|3B|UT|B
Drew Anderson, 2443746, 15130, 623454, P|B
Erik Miller, 1603052, 26252, 669062, P|B
Domingo German, 2167483, 17149, 593334, P|B
Jeff Hoffman, 2135606, 17432, 656546, P|B
TJ Friedl, 2507496, 19522, 670770, OF|UT|B
Tanner Houck, 2835078, 19879, 656557, P|B
Freddy Fermin, 2822670, 21840, 666023, C|UT|B
Matt Bowman, 2166519, 13528, 621199, P|B
Nick Lodolo, 3117477, 26378, 666157, P|B
Antonio Senzatela, 2167335, 15488, 622608, P|B
Scott Kingery, 2447481, 17975, 664068, 2B|UT|B
Yariel Rodriguez, 29340090, 33838, 684320, P|B
Slade Cecconi, 3174944, 27500, 677944, P|B
Francisco Mejia, 2117123, 16403, 642336, C|UT|B
J.T. Brubaker, 3055541, 17578, 664141, P|B
Tyler Fitzgerald, 3158557, 26208, 666149, SS|UT|B
Miguel Vargas, 3152039, 20178, 678246, 3B|OF|UT|B
Daniel Johnson, 2910617, 19643, 669288, OF|UT|B
Brent Honeywell, 2167511, 16466, 641703, P|B
Allan Winans, 2933205, 21238, 642216, P|B
Andrew Taylor, 29071001, 7896, 476531, P|B
LaMonte Wade, 2211805, 18126, 664774, 1B|UT|B
Derek Hill, 2135254, 16947, 656537, OF|UT|B
Matt Foster, 2921090, 19647, 641582, P|B
Keaton Winn, 2837699, 23499, 676775, P|B
Romy Gonzalez, 2932774, 21562, 663853, 1B|2B|SS|UT|B
Joey Lucchesi, 2507336, 19320, 664192, P|B
Brooks Lee, 28920011, 31595, 686797, SS|UT|B
Spencer Horwitz, 28837584, 26477, 687462, 1B|2B|UT|B
Ryan Borucki, 2444670, 16350, 621366, P|B
Liam Hendriks, 1756629, 3548, 521230, P|B
J.D. Martinez, 1795780, 6184, 502110, UT|B
Jordan Luplow, 2769144, 16424, 656669, OF|UT|B
Kristian Campbell, 29383714, sa3023011, 692225, 2B|UT|B
Ryan Zeferjahn, 26615415, 25420, 666171, P|B
Michael Kopech, 2135265, 17282, 656629, P|B
Alec Burleson, 26615325, 27615, 676475, OF|UT|B
Tommy Pham, 1804466, 2967, 502054, OF|UT|B
Kyle Nelson, 2837289, 20515, 669459, P|B
Davis Schneider, 2837479, 23565, 676914, 2B|OF|UT|B
Kendall Graveman, 2146204, 15514, 608665, P|B
Javier Assad, 2910632, 21741, 665871, P|B
Shintaro Fujinami, 29075943, 31839, 660261, P|B
Moises Gomez, 26635149, sa875163, 664332, P|B
Conner Greene, 2211226, 16455, 641632, P|B
Robbie Ray, 1947846, 11486, 592662, P|B
J.B. Bukauskas, 2835067, 20491, 656266, P|B
Matt Reynolds, 2050711, 13788, 608703, 3B|UT|B
Alan Trejo, 2837612, 20056, 676701, 2B|UT|B
Chase DeLauter, 28920019, sa3021053, 800050, OF|UT|B
Garrett Whitlock, 2837680, 20191, 676477, P|B
Gabriel Arias, 2876077, 22563, 672356, 3B|UT|B
Richie Martin, 2184456, 17736, 621006, 2B|UT|B
Zack Collins, 2250595, 19181, 641470, C|UT|B
Mike Siani, 2933100, 22557, 672279, OF|UT|B
Chi Chi Gonzalez, 2066305, 14663, 592346, P|B
Leandro Cedeno, 2821944, sa873307, 660681, 1B|UT|B
David Peterson, 2226124, 20302, 656849, P|B
Andrew Politi, 2933023, sa3007243, 681555, P|B
Tyler Nevin, 2211190, 17893, 663527, 1B|3B|OF|UT|B
Shaun Anderson, 3086089, 19453, 641312, P|B
Christian Yelich, 1765815, 11477, 592885, OF|UT|B
Enrique Burgos, 2049970, 3895, 542609, P|B
Logan Gilbert, 2942974, 22250, 669302, P|B
Paul Blackburn, 2044524, 14739, 621112, P|B
Matt Olson, 2044509, 14344, 621566, 1B|UT|B
Yolmer Sanchez, 1956971, 11602, 570560, 2B|UT|B
Reynaldo Lopez, 2165932, 16400, 625643, P|B
Trevor Story, 1945488, 12564, 596115, SS|UT|B
Wander Suero, 2218668, 15855, 593833, P|B
Casey Kelly, 1697837, 9174, 543391, P|B
Harrison Bader, 2211761, 18030, 664056, OF|UT|B
Chris Flexen, 2443613, 13896, 623167, P|B
Gus Varland, 2933158, 24737, 681402, P|B
A.J. Puk, 2250620, 19343, 640462, P|B
Anthony Rendon, 1894625, 12861, 543685, 3B|UT|B
Josh Staumont, 2211250, 18335, 622251, P|B
Jordan Weems, 2826581, 13190, 607179, P|B
Tyler Wade, 2169698, 15730, 642180, 3B|OF|UT|B
Cooper Hummel, 3095397, 19458, 669450, OF|UT|B
Mitch Haniger, 2044502, 14274, 571745, OF|UT|B
Garrett Crochet, 2836763, 27463, 676979, P|B
Parker Messick, 29075750, sa3020748, 800048, P|B
Jacob Waguespack, 2826541, 18318, 621097, P|B
Emiliano Teodo, 29077607, sa3015158, 693713, P|B
Tyler Alexander, 3095702, 17735, 641302, P|B
Tirso Ornelas, 2919496, sa3004048, 672359, OF|UT|B
Darnell Sweeney, 2048790, 13284, 572182, 2B|UT|B
Elly De La Cruz, 26912505, 26668, 682829, SS|UT|B
Owen Miller, 2932941, 24655, 680911, 1B|UT|B
German Marquez, 2210237, 15038, 608566, P|B
Torii Hunter, 2798057, 731, 116338, OF|UT|B
Drew Ellis, 2836840, 19873, 656403, 1B|UT|B
Gavin Stone, 26911736, 27792, 694813, P|B
Brett Harris, 29075485, 29788, 695391, 3B|UT|B
Sandy Leon, 1928685, 5273, 506702, C|UT|B
Jac Caglianone, 29426035, sa3025245, 695506, 1B|UT|B
Riley Adams, 2836521, 19864, 656180, C|UT|B
Zach Logue, 2837138, 20231, 656657, P|B
Heliot Ramos, 2835071, 22515, 671218, OF|UT|B
Leury Garcia, 1740935, 5913, 544725, 2B|UT|B
Josh Rojas, 2837427, 19734, 668942, 3B|UT|B
Nick Senzel, 2250589, 19293, 669222, 3B|UT|B
Tres Barrera, 3089960, 19977, 668663, C|UT|B
Lucas Erceg, 2447488, 19360, 668674, P|B
Zach McKinstry, 2794938, 19392, 656716, 3B|OF|SS|UT|B
Luis Cessa, 2208984, 13345, 570666, P|B
Drey Jameson, 3117934, 26260, 686753, P|B
Ceddanne Rafaela, 2931004, 24262, 678882, OF|SS|UT|B
Trevor Bauer, 1852623, 12703, 545333, P|B
Yennier Cano, 28841142, 25911, 666974, P|B
Edwin Uceta, 2826339, 20539, 670955, P|B
Kevin Maitan, 2431986, sa969045, 670867, 3B|UT|B
Randy Dobnak, 2870041, 23798, 677976, P|B
Jorge Lopez, 2167482, 14527, 605347, P|B
Ronald Acuna, 2211777, 18401, 660670, OF|UT|B
Juan Centeno, 1812645, 7168, 518542, C|UT|B
Dallas Keuchel, 1979965, 9434, 572971, P|B
Drew Pomeranz, 1765810, 11426, 519141, P|B
Zach Plesac, 3117235, 19979, 668676, P|B
Connor Norby, 26911671, 29592, 681393, 3B|UT|B
Cristopher Sanchez, 3151554, 20778, 650911, P|B
Dilson Herrera, 2118134, 14335, 599096, 2B|UT|B
Amir Garrett, 2053474, 14375, 607237, P|B
DJ LeMahieu, 1740958, 9874, 518934, 1B|3B|UT|B
J.T. Ginn, 2942993, 27889, 669372, P|B
Kyle Manzardo, 26911664, 29794, 700932, UT|B
Patrick Sandoval, 3077725, 19447, 663776, P|B
Will Smith, 1666825, 8048, 519293, P|B
Ian Anderson, 2250590, 19951, 666120, P|B
J.P. Crawford, 2066300, 15491, 641487, SS|UT|B
Darick Hall, 2910602, 19717, 669742, 1B|UT|B
Ozzie Albies, 2167464, 16556, 645277, 2B|UT|B
Joey Bart, 2942959, 21524, 663698, C|UT|B
Frankie Montas, 2117122, 14309, 593423, P|B
Tony Santillan, 2211243, 19926, 663574, P|B
Tim Mayza, 2228208, 15042, 641835, P|B
Jackson Stephens, 2044106, 14420, 623451, P|B
Mike Soroka, 2207809, 18383, 647336, P|B
Mike Ford, 2803830, 15585, 645801, UT|B
Carlos Perez, 3157275, 10642, 542208, C|UT|B
Billy Cook, 29089619, 29573, 695257, OF|UT|B
Fernando Tatis, 2507363, 19709, 665487, OF|UT|B
Jesus Luzardo, 2910624, 19959, 666200, P|B
Dermis Garcia, 2910609, 20926, 660650, 1B|UT|B
Tyler Black, 26719707, 29949, 672012, UT|B
Pete Alonso, 2447476, 19251, 624413, 1B|UT|B
Luis Campusano, 2836688, 22217, 669134, C|UT|B
Jacob Wilson, 29153544, 33266, 805779, SS|UT|B
Noah Song, 3152058, sa3011695, 679977, P|B
Sean Hjelle, 2931967, 21481, 663546, P|B
Ryan Feltner, 2932731, 21446, 663372, P|B
Andrew Morris, 29295980, sa3020569, 702193, P|B
Bryan Hoeing, 28862328, 26304, 663773, P|B
Dean Kremer, 3077699, 19350, 665152, P|B
Bryan Reynolds, 2449444, 19326, 668804, OF|UT|B
Miguel Sano, 1739669, 12164, 593934, 3B|UT|B
Shane McClanahan, 2931996, 21483, 663556, P|B
Vince Velasquez, 2117039, 11189, 592826, P|B
Yoan Moncada, 2170320, 17232, 660162, 3B|UT|B
J.P. Martinez, 3090756, 24451, 679881, OF|UT|B
Hoy Jun Park, 2211767, 18027, 660829, 2B|UT|B
Luke Keaschall, 29321958, sa3022614, 807712, 2B|UT|B
Travis Jankowski, 2044387, 13768, 608671, OF|UT|B
Beau Brieske, 26911772, 26079, 689225, P|B
Quinn Priester, 3117916, 25977, 682990, P|B
Dany Jimenez, 2823561, 21170, 666204, P|B
Roman Anthony, 29075759, sa3020211, 701350, OF|UT|B
Josh Hader, 2044482, 14212, 623352, P|B
Garrett Hill, 28838023, 25097, 682051, P|B
Danny Rosenbaum, 1982198, sa502078, 572095, P|B
Tucker Barnhart, 1803883, 10200, 571466, C|UT|B
Eddy Alvarez, 2734420, 16959, 657193, 2B|UT|B
Drew Ward, 2167339, sa737690, 608380, 3B|UT|B
Chris Sale, 1762602, 10603, 519242, P|B
Nick Frasso, 26615441, sa3014492, 693308, P|B
Drake Baldwin, 29075524, sa3019920, 686948, C|UT|B
Nomar Mazara, 2044518, 14553, 608577, OF|UT|B
Isan Diaz, 2211193, 17922, 656371, 2B|UT|B
Manuel Margot, 2167053, 14712, 622534, OF|UT|B
Tyler Alexander, 2211219, 17735, 641302, P|B
Jace Peterson, 1959186, 12325, 607054, SS|UT|B
Josh Winckowski, 26615442, 22387, 670174, P|B
Jean Segura, 1798566, 5933, 516416, 3B|UT|B
Silvino Bracho, 2171295, 15051, 611093, P|B
Tyler Freeman, 2836883, 22532, 671289, OF|UT|B
Jovani Moran, 26754137, 20422, 663558, P|B
Walker Buehler, 2184468, 19374, 621111, P|B
Samuel Basallo, 26912463, sa3015716, 694212, C|UT|B
Keston Hiura, 2835061, 20003, 669374, 1B|UT|B
DJ Peters, 2507365, 19348, 656847, OF|UT|B
Yohel Pozo, 2227767, 18848, 650968, UT|B
Carlos Hernandez, 1806123, 22713, 672578, P|B
Spencer Torkelson, 3166850, 27465, 679529, 1B|UT|B
Kyle McPherson, 2837213, 5009, 519015, 2B|UT|B
Andrew Stevenson, 2211212, 17932, 664057, OF|UT|B
Kenta Maeda, 2215993, 18498, 628317, P|B
Erick Fedde, 2167502, 17425, 607200, P|B
Nicky Lopez, 2788552, 19339, 670032, 2B|SS|UT|B
Jeff McNeil, 2169895, 15362, 643446, 2B|OF|UT|B
Devin Smeltzer, 3116182, 19487, 656970, P|B
Brad Boxberger, 1813265, 10133, 502202, P|B
Cade Horton, 28920010, sa3020860, 690990, P|B
Dustin Harris, 26757037, 25705, 687957, UT|B
Curtis Mead, 26762067, 23986, 678554, 2B|UT|B
Justus Sheffield, 2135263, 17285, 656954, P|B
Jake Bauers, 2165918, 15194, 641343, 1B|UT|B
Blayne Enlow, 2836843, sa3005117, 669416, P|B
Pablo Lopez, 2901082, 17085, 641154, P|B
Maikel Garcia, 2829027, 22715, 672580, 2B|3B|UT|B
Triston Casas, 2942989, 22514, 671213, 1B|UT|B
Jose De Leon, 2167459, 15463, 592254, P|B
Jarren Duran, 2932710, 24617, 680776, OF|UT|B
Roansy Contreras, 2830097, 22810, 672710, P|B
Mitch Keller, 2167302, 17594, 656605, P|B
Eddie Rosario, 1910546, 12155, 592696, OF|UT|B
Andres Machado, 2824015, 14681, 600921, P|B
Garrett Acton, 29084569, 27583, 670183, P|B
Drew Smith, 2453269, 17755, 622098, P|B
Jake Irvin, 2932827, 21504, 663623, P|B
David Fletcher, 2211771, 17992, 664058, 2B|UT|B
Adam Kloffenstein, 2932854, 24493, 680572, P|B
Jean-Carlos Mejia, 2824335, 20617, 650496, P|B
Jackson Wolf, 29075703, 29832, 680232, P|B
Sam Hilliard, 2228436, 17954, 656541, OF|UT|B
Andrew Velazquez, 2120058, 14196, 623205, SS|UT|B
Gabe Speier, 2826050, 17170, 642100, P|B
Jacob Misiorowski, 29075709, sa3020644, 694819, P|B
Nick Madrigal, 2942964, 20521, 663611, 3B|UT|B
Garrett Cleavinger, 2733997, 17897, 664076, P|B
Bryan Hudson, 2453262, 19924, 663542, P|B
Bryce Harper, 1765813, 11579, 547180, 1B|UT|B
Andrew Suarez, 2227137, 18300, 605498, P|B
Jose Quijada, 2825214, 19200, 650671, P|B
Pablo Reyes, 2227320, 16357, 622569, 3B|UT|B
Nathan Eaton, 3158300, 25055, 681987, OF|UT|B
Jacob Hurtubise, 28840803, 27599, 674441, OF|UT|B
Chris Martin, 2048821, 11847, 455119, P|B
Brock Wilken, 29153552, sa3022499, 694385, 3B|UT|B
Mike Brosseau, 2920318, 19683, 670712, 3B|UT|B
Hector Neris, 1960527, 11804, 593576, P|B
Jose Ramirez, 2044495, 13510, 608070, 3B|UT|B
Bryce Eldridge, 29153551, sa3022757, 805811, 1B|UT|B
Coco Montes, 2932947, 21547, 663796, 2B|UT|B
Austin Adams, 2444539, 13801, 613534, P|B
Glenn Otto, 2837316, 21366, 657248, P|B
Oswald Peraza, 2829101, 22823, 672724, 3B|UT|B
Jackson Tetreault, 2837596, 20565, 676194, P|B
Cal Quantrill, 2250593, 19312, 615698, P|B
Marco Gonzales, 2066303, 15467, 594835, P|B
Anthony Alford, 2044547, 14329, 546990, OF|UT|B
Albert Almora, 2000031, 14109, 546991, OF|UT|B
Brendan Donovan, 2932701, 24679, 680977, 2B|OF|UT|B
Blake Dunn, 29087686, 29487, 694362, OF|UT|B
Dylan Bundy, 1894623, 12917, 605164, P|B
Yasmani Grandal, 1765807, 11368, 518735, C|UT|B
J.J. Bleday, 3117536, 26368, 668709, OF|UT|B
Mark Vientos, 2837638, 22184, 668901, 3B|UT|B
Colt Keith, 26615338, 27899, 690993, 2B|UT|B
Joc Pederson, 1811026, 11899, 592626, UT|B
Jason Foley, 3174282, 19531, 671345, P|B
Caleb Ferguson, 2931288, 19349, 657571, P|B
Spencer Schwellenbach, 26911687, 31846, 680885, P|B
Tim Locastro, 2228219, 15124, 641796, OF|UT|B
Sean Murphy, 2483273, 19352, 669221, C|UT|B
Josh James, 2953499, 16794, 657624, P|B
Kyle Cody, 3151015, 19686, 621129, P|B
Lawrence Butler, 2932293, 22542, 671732, OF|UT|B
Mookie Betts, 2106654, 13611, 605141, OF|SS|UT|B
Cam Gallagher, 2118805, 12981, 595956, C|UT|B
Jared Oliva, 2837308, 19968, 666931, OF|UT|B
Joe Musgrove, 2002312, 12970, 605397, P|B
Kaleb Ort, 2842935, 20061, 672391, P|B
Mason Montgomery, 28890020, sa3017306, 682254, P|B
Austin Allen, 2447462, 18083, 664119, C|UT|B
Christian Encarnacion-Strand, 28842583, 30011, 687952, 1B|UT|B
Ben Joyce, 29075473, 31461, 690829, P|B
Garrett Mitchell, 2837246, 27555, 669003, OF|UT|B
Cade Marlowe, 26911718, 25505, 687799, OF|UT|B
Rubby De La Rosa, 1797923, 3862, 523989, P|B
Jacob Young, 28841684, 29931, 696285, OF|UT|B
Aaron Hicks, 1669559, 5297, 543305, OF|UT|B
Paul McIntosh, 28840613, sa3017372, 682192, C|UT|B
Michael Massey, 26615330, 27684, 686681, 2B|UT|B
Brandon Sproat, 29295942, sa3023499, 687075, P|B
Eric Haase, 2120601, 14111, 606992, C|UT|B
Chris Devenski, 1963330, 12763, 606965, P|B
Trey Wingenter, 2798063, 17793, 622259, P|B
Tobias Myers, 2910628, 22191, 668964, P|B
Joey Loperfido, 28839913, 29630, 694388, OF|UT|B
Ryan Carpenter, 2223643, 12699, 543001, P|B
Cole Irvin, 2912226, 19244, 608344, P|B
Brady House, 26723699, sa3017694, 691781, 3B|UT|B
Kevin Smith, 2837526, 20242, 675656, SS|UT|B
Heath Hembree, 1937568, 11632, 592390, P|B
Joe Kelly, 1794767, 9761, 523260, P|B
Moises Gomez, 2823002, sa875163, 664332, OF|UT|B
Jomar Reyes, 2167468, sa830204, 655997, 3B|UT|B
Sam Haggerty, 2794801, 18054, 664059, OF|UT|B
Paul Fry, 2169912, 15832, 643316, P|B
Alejandro Kirk, 2875260, 22581, 672386, C|UT|B
Carlos Estevez, 2210225, 14542, 608032, P|B
Mason Miller, 26911802, 31757, 695243, P|B
Tanner Bibee, 28926327, 30134, 676440, P|B
JP Sears, 2837491, 23429, 676664, P|B
Bubba Thompson, 2835080, 22261, 669352, OF|UT|B
Zack Gelof, 26911678, 29766, 680869, 2B|UT|B
Thyago Vieira, 2444514, 14510, 600986, P|B
Miles Mastrobuoni, 2824202, 20017, 670156, 3B|UT|B
Owen White, 2932070, 22273, 669391, P|B
Dennis Santana, 2898231, 17878, 642701, P|B
Drew Rom, 2933064, 24602, 680723, P|B
Kolten Wong, 1894637, 12532, 543939, 2B|UT|B
Dominic Fletcher, 3152113, 26149, 666150, OF|UT|B
Jake Woodford, 2453423, 18674, 663765, P|B
Spenser Watkins, 2826563, 17489, 657093, P|B
Troy Johnston, 28837850, sa3010899, 687859, 1B|UT|B
Blake Walston, 3117926, 26270, 686796, P|B
James Kaprielian, 2184452, 18331, 621076, P|B
Phil Maton, 2693484, 18064, 664208, P|B
Freddy Peralta, 2900486, 18679, 642547, P|B
Dylan Dodd, 26911747, 29928, 689266, P|B
Reese McGuire, 2066298, 15674, 624512, C|UT|B
Alex Cobb, 1784973, 6562, 502171, P|B
Starling Marte, 1741213, 9241, 516782, OF|UT|B
Nick Allen, 2836533, 22277, 669397, SS|UT|B
Aramis Garcia, 2167291, 16925, 605244, C|UT|B
Gary Sanchez, 1799263, 11442, 596142, C|UT|B
Keibert Ruiz, 2507339, 19610, 660688, C|UT|B
Sam Hentges, 3055496, 18548, 656529, P|B
Brandon Pfaadt, 26747035, 27782, 694297, P|B
David Hensley, 27022635, 25111, 682073, OF|UT|B
Carter Kieboom, 2250613, 19958, 666198, 3B|UT|B
Anthony Santander, 2504134, 14551, 623993, OF|UT|B
Dauri Moreta, 2824544, 21101, 664294, P|B
Zach Dezenzo, 29090713, 31562, 701305, 1B|UT|B
Austin Riley, 2211186, 18360, 663586, 3B|UT|B
Jake Mangum, 2837161, sa3011255, 663968, OF|UT|B
Scott Barlow, 1947842, 14993, 605130, P|B
Aaron Civale, 2507332, 19479, 650644, P|B
Ronny Mauricio, 3077713, 23698, 677595, 2B|UT|B
Robert Gsellman, 2210220, 13696, 607229, P|B
Matt Moore, 1739600, 1890, 519043, P|B
Matt Festa, 2822697, 19330, 670036, P|B
Yordan Alvarez, 2507341, 19556, 670541, OF|UT|B
Jose Lopez, 2829903, 22982, 673111, P|B
Lars Nootbaar, 2932975, 21454, 663457, OF|UT|B
Royce Lewis, 2835053, 20437, 668904, 3B|UT|B
Brady Singer, 2942978, 25377, 663903, P|B
Luisangel Acuna, 26615344, 26548, 682668, SS|UT|B
Tyler Naquin, 2044528, 13359, 571980, OF|UT|B
Jayden Murray, 29077344, sa1170405, 681151, P|B
Stone Garrett, 2211204, 19273, 656448, UT|B
Robbie Grossman, 1670950, 5254, 543257, OF|UT|B
Giancarlo Stanton, 1630093, 4949, 519317, UT|B
Charlie Culberson, 1666687, 3298, 518586, 3B|UT|B
Ryne Nelson, 3152115, 26253, 669194, P|B
Austin Gomber, 2216698, 16561, 596295, P|B
Colby Thomas, 29075506, sa3020713, 687515, OF|UT|B
Steward Berroa, 2828969, 22766, 672642, OF|UT|B
Cade Smith, 2837519, 27867, 671922, P|B
Hunter Strickland, 2027413, 7836, 519326, P|B
Luis Patino, 2829930, 22815, 672715, P|B
Jake Thompson, 2837599, 14371, 622097, P|B
Christian Moore, 29426037, sa3025168, 695681, 2B|UT|B
Yan Gomes, 1945612, 9627, 543228, C|UT|B
Nolan Arenado, 1755142, 9777, 571448, 3B|UT|B
Brett Baty, 3117539, 26123, 683146, 3B|UT|B
Landen Roupp, 29075725, 30076, 694738, P|B
Albert Suarez, 1784975, 6175, 544150, P|B
Cal Raleigh, 2933037, 21534, 663728, C|UT|B
Kyle Muller, 2449981, 20167, 666205, P|B
Stephen Kolek, 2932858, 21487, 663568, P|B
Niko Goodrum, 2118848, 12092, 592348, OF|UT|B
Phillip Evans, 1953529, 12950, 595943, OF|UT|B
Cole Ragans, 2250615, 21846, 666142, P|B
Dylan Coleman, 2932645, 22276, 669395, P|B
Michael Chavis, 2135257, 17321, 656308, 2B|UT|B
Yonny Hernandez, 2803312, 19432, 660634, 2B|UT|B
Joe Barlow, 3157100, 22296, 669618, P|B
Lucas Sims, 2041268, 13470, 608371, P|B
Joel Payamps, 2824923, 14332, 606303, P|B
Andrew Vaughn, 3117474, 26197, 683734, 1B|UT|B
Michael King, 2918658, 19853, 650633, P|B
Jose Leclerc, 2170066, 14524, 600917, P|B
Austin Hedges, 1947852, 12976, 595978, C|UT|B
Brandon Young, 29631474, sa3014926, 687064, P|B
Josh VanMeter, 2119087, 15170, 642165, 2B|UT|B
Codi Heuer, 2932811, 23293, 676051, P|B
Tyler Locklear, 29075784, 31396, 682988, 1B|UT|B
Marcell Ozuna, 1953522, 10324, 542303, UT|B
MacKenzie Gore, 2835055, 22201, 669022, P|B
Carlos Rodriguez, 3108233, 30161, 692230, OF|UT|B
Craig Kimbrel, 1718083, 6655, 518886, P|B
Josh H. Smith, 2413942, 26396, 669701, 3B|SS|UT|B
Colin Holderman, 27022826, 22361, 670059, P|B
Easton McGee, 28973460, 22176, 668834, P|B
Connor Thomas, 27023028, sa3010784, 671162, P|B
Ron Marinaccio, 2837167, 23488, 676760, P|B
Aaron Brooks, 2113510, 12272, 605156, P|B
Brian Anderson, 2167336, 18289, 605119, OF|UT|B
Wander Franco, 2804232, 23667, 677551, 3B|UT|B
Cody Morris, 2932960, 25388, 663752, P|B
Rene Pinto, 2825130, 19859, 650907, C|UT|B
Justin Slaten, 26911816, 25648, 686580, P|B
Brailyn Marquez, 2824086, 21896, 666622, P|B
Nick Yorke, 26615327, 27504, 694377, 2B|UT|B
Ramon Ramirez, 29644227, 7986, 430673, C|UT|B
Tyler Mahle, 2211216, 16358, 641816, P|B
Bruce Zimmermann, 3077701, 20370, 669145, P|B
Jake Bloss, 29321893, 33168, 814005, P|B
Brady Aiken, 2135241, sa828659, 656184, P|B
Josh Winder, 2933206, 24606, 680739, P|B
Reid Detmers, 2836804, 27468, 672282, P|B
Coby Mayo, 26615333, 28312, 691723, 3B|UT|B
Juan Brito, 29033786, sa3009808, 682877, 2B|UT|B
Aaron Loup, 1960798, 10343, 571901, P|B
Matt Thaiss, 2250601, 19318, 642136, C|UT|B
Jacob Webb, 29084373, 19274, 657097, P|B
Lance Lynn, 1733864, 2520, 458681, P|B
Drew Waters, 2837661, 20505, 671221, OF|UT|B
Terrin Vavra, 2933162, 24400, 679631, OF|UT|B
Emmanuel Rivera, 2920200, 19890, 656896, 1B|3B|UT|B
Cole Young, 28920024, sa3020459, 702284, SS|UT|B
Thomas Saggese, 28840220, 27883, 695336, 2B|UT|B
Abraham Almonte, 1813191, 5486, 501659, OF|UT|B
Jose Rodriguez, 29077646, 24388, 679563, OF|UT|B
Ian Seymour, 26615397, sa3014512, 693855, P|B
Andrew Knapp, 2066819, 14942, 595284, C|UT|B
Jeter Downs, 2836822, 22202, 669023, SS|UT|B
Jose Cisnero, 2044205, 6399, 542585, P|B
Carlos Hernandez, 2848440, 22713, 672578, P|B
Jason Vosler, 2226050, 16686, 613564, 1B|UT|B
Dominic Canzone, 28837123, 26438, 686527, OF|UT|B
Emmanuel Rodriguez, 26913049, sa3014693, 691181, OF|UT|B
Eduardo Salazar, 2830137, 23135, 674285, P|B
Robert Stephenson, 1894642, 13594, 596112, P|B
Jordan Wicks, 26719646, 30094, 696136, P|B
Eric Lauer, 2250610, 19316, 641778, P|B
Kyle Hurt, 2837024, 27514, 669165, P|B
Edouard Julien, 2837057, 27534, 666397, 2B|UT|B
Cal Mitchell, 3077696, 22169, 668751, OF|UT|B
Kody Clemens, 2932640, 20572, 665019, 1B|UT|B
Brayan Rocchio, 3077710, 23690, 677587, SS|UT|B
Alejo Lopez, 3103877, 21127, 664670, 2B|UT|B
Payton Eeles, 29476193, sa3023622, 823356, 2B|UT|B
Alec Marsh, 3152101, 27451, 679525, P|B
Anthony Bass, 1793606, 7982, 542914, P|B
Albert Abreu, 2211792, 17485, 656061, P|B
Shelby Miller, 1739603, 10197, 571946, P|B
Jay Jackson, 1739666, 7432, 543351, P|B
Tommy Romero, 2837433, 23465, 676720, P|B
Moises Ballesteros, 28837122, sa3015713, 694208, C|UT|B
Konnor Pilkington, 2933013, 21453, 663455, P|B
Alex Bregman, 2184351, 17678, 608324, 3B|UT|B
Luis Gonzalez, 26913041, 20332, 670768, OF|UT|B
Bryan Woo, 29075489, 30279, 693433, P|B
Nick Kurtz, 29426033, sa3025385, 701762, 1B|UT|B
Carlos Perez, 1945613, 10642, 542208, C|UT|B
Kevin Kelly, 28840203, 25679, 687330, P|B
Brant Hurter, 29075483, 30133, 676428, P|B
Ben Rortvedt, 2447460, 20287, 666163, C|UT|B
Jack Leiter, 26719545, 30146, 683004, P|B
Blake Perkins, 2449457, 19921, 663368, OF|UT|B
Junior Caminero, 28839811, 28163, 691406, 3B|UT|B
Evan Phillips, 2779811, 17734, 623465, P|B
Ranger Suarez, 2898212, 17277, 624133, P|B
Gavin Sheets, 2837507, 19901, 657757, 1B|OF|UT|B
Johan Oviedo, 2824831, 22487, 670912, P|B
Angel Zerpa, 2830145, 22717, 672582, P|B
Jazz Chisholm, 2507358, 20454, 665862, 3B|OF|UT|B
Mitchell Parker, 26681456, 27636, 680730, P|B
Jonathan Cannon, 29075714, 31730, 686563, P|B
Billy McKinney, 2066306, 15654, 641856, OF|UT|B
Kyle Lewis, 2250596, 19508, 641786, UT|B
Kevin Newman, 2184455, 17696, 621028, 2B|SS|UT|B
Nick Castellanos, 1765816, 11737, 592206, OF|UT|B
Trevor Gott, 2165523, 15046, 641627, P|B
Charlie Blackmon, 1800284, 7859, 453568, OF|UT|B
Matthew Boyd, 2173411, 15440, 571510, P|B
Charlie Condon, 29426032, sa3025257, 809707, OF|UT|B
Randy Arozarena, 2914723, 19290, 668227, OF|UT|B
Kris Bryant, 2071263, 15429, 592178, OF|UT|B
Tyler O'Neill, 2171342, 15711, 641933, OF|UT|B
Mason Black, 29075735, 30171, 696131, P|B
Chase Burns, 29426031, , 695505, P|B
Thairo Estrada, 2739969, 16426, 642731, 2B|UT|B
Eric Wagaman, 2837646, 23395, 676572, 3B|UT|B
Christian Walker, 2044379, 13419, 572233, 1B|UT|B
Luis Gil, 2829343, 21052, 661563, P|B
Corbin Burnes, 2849889, 19361, 669203, P|B
Mitch Spence, 28837586, 27707, 687765, P|B
Max Fried, 2001078, 13743, 608331, P|B
Luken Baker, 2931896, 21497, 663609, UT|B
Bryse Wilson, 2910627, 19990, 669060, P|B
Diego Castillo, 2804217, 17496, 650895, P|B
Jose Butto, 2828975, 23313, 676130, P|B
Ryan Jeffers, 2931974, 24618, 680777, C|UT|B
Zack Greinke, 390851, 1943, 425844, P|B
Aaron Bummer, 2637180, 16258, 607481, P|B
Ivan Herrera, 2829355, 20599, 671056, C|UT|B
Paul Goldschmidt, 1765052, 9218, 502671, 1B|UT|B
Joel Kuhnel, 2921575, 19995, 669270, P|B
Jake Diekman, 1915025, 5003, 518617, P|B
Jason Martin, 2170009, 16429, 641829, OF|UT|B
Jesse Hahn, 2053477, 13287, 534910, P|B
Kyle Higashioka, 1735742, 5517, 543309, C|UT|B
Jorge Soler, 1988873, 14221, 624585, OF|UT|B
Rich Hill, 555244, 4806, 448179, P|B
Julio Teheran, 1718082, 6797, 527054, P|B
Adam Mazur, 29065551, 31900, 800049, P|B
Dustin May, 2507335, 19716, 669160, P|B
Jonah Heim, 2167467, 16930, 641680, C|UT|B
Hayden Birdsong, 29295924, 31635, 806185, P|B
Yonathan Daza, 2171204, 15794, 602074, OF|UT|B
Adael Amador, 3151953, 27962, 691182, 2B|UT|B
Jack Flaherty, 2135266, 17479, 656427, P|B
Nate Lowe, 2920354, 19566, 663993, 1B|UT|B
Darin Gorski, 1956426, sa501520, 571719, P|B
Brayan Bello, 26615413, 23920, 678394, P|B
Eugenio Suarez, 1960254, 12552, 553993, 3B|UT|B
Shane Baz, 2835064, 22264, 669358, P|B
Brusdar Graterol, 2847302, 20367, 660813, P|B
Corey Seager, 2041873, 13624, 608369, SS|UT|B
Osleivis Basabe, 3157961, 23985, 678545, SS|UT|B
Jhoan Duran, 2911279, 21029, 661395, P|B
Carlos Rodriguez, 29077337, 30161, 692230, P|B
Mick Abel, 26615392, sa3014534, 690953, P|B
Danny Coulombe, 2120231, 13293, 543056, P|B
Niko Kavadas, 26911666, 29782, 694359, UT|B
Cole Sands, 2933080, 21461, 663485, P|B
Brett Kennedy, 2823678, 17877, 664028, P|B
Jerar Encarnacion, 3157276, 21871, 666464, OF|UT|B
Armando Alvarez, 3157904, 19292, 669137, 3B|UT|B
Bobby Dalbec, 2506932, 19966, 666915, 1B|UT|B
Shea Langeliers, 3117480, 25816, 669127, C|UT|B
Brad Miller, 1953818, 12775, 543543, UT|B
Raisel Iglesias, 2135575, 17130, 628452, P|B
Yerry De Los Santos, 26635145, 21420, 660787, P|B
Colin Poche, 2915811, 19403, 621363, P|B
Tyler Wells, 26608291, 20000, 669330, P|B
Jace Jung, 28920015, 31437, 690291, 3B|UT|B
Bligh Madris, 2837156, 20054, 676632, 1B|UT|B
Drew Rasmussen, 2837374, 25385, 656876, P|B
Alika Williams, 2837686, 27604, 675961, 2B|UT|B
Drew VerHagen, 2113508, 13424, 572403, P|B
Endy Rodriguez, 26615321, 25332, 682848, C|UT|B
Kolby Allard, 2184450, 18694, 663465, P|B
Jose Ruiz, 1798363, 14552, 614179, 1B|UT|B
Tyler Webb, 3157922, 14974, 643778, SS|UT|B
Ryan Howard, 2915619, sa857225, 664031, SS|UT|B
Gleyber Torres, 2167471, 16997, 650402, 2B|UT|B
Adrian Houser, 1947840, 12718, 605288, P|B
Denzel Clarke, 26911715, sa3017426, 672016, OF|UT|B
Brooks Raley, 2000754, 10061, 548384, P|B
Corbin Carroll, 3117913, 25878, 682998, OF|UT|B
Matt Vierling, 2933175, 21558, 663837, 3B|OF|UT|B
Miles Mikolas, 1946522, 9803, 571945, P|B
Delvin Perez, 2250608, sa917935, 666206, 3B|UT|B
Joey Wendle, 2052585, 13853, 621563, 2B|UT|B
Rob Brantly, 1794304, 10655, 542963, C|UT|B
Ryan Helsley, 2211752, 18138, 664854, P|B
Mark Contreras, 2836735, 20122, 676628, OF|UT|B
Eguy Rosario, 2743630, 19964, 666703, 3B|UT|B
Jimmy Cordero, 2210222, 15690, 622772, P|B
P.J. Higgins, 2447473, 18433, 664731, 1B|UT|B
Thomas Hatch, 2507330, 19264, 641672, P|B
Ramon Urias, 2826354, 18795, 602104, 3B|UT|B
Ty Blach, 2114068, 14361, 621389, P|B
Ji-Hwan Bae, 3095687, 23818, 678225, OF|UT|B
Alex Young, 2211246, 18333, 622065, P|B
Jonathan Aranda, 2821278, 21837, 666018, 1B|UT|B
Hansel Robles, 2027450, 11801, 570663, P|B
Daniel Palka, 2171296, 14897, 594953, 1B|UT|B
Nick Burdi, 2167354, 16074, 595897, P|B
Jon Heasley, 2932802, 22224, 669169, P|B
Jesus Sanchez, 2507366, 19913, 660821, OF|UT|B
Brett Sullivan, 2447463, 18217, 664954, C|UT|B
Francisco Arcia, 1961535, 10286, 516472, C|UT|B
Christopher Morel, 2829081, 21897, 666624, 2B|3B|UT|B
Andre Jackson, 2837030, 21298, 656578, P|B
Jared Walsh, 2227749, 18607, 665120, 1B|UT|B
Jorge Alfaro, 1846227, 12180, 595751, UT|B
Gilberto Celestino, 2507499, 20233, 665482, OF|UT|B
Javy Guerra, 2171863, 7407, 457915, P|B
Owen Caissie, 26615390, sa3014465, 683357, OF|UT|B
Kyle Barraclough, 2186085, 13713, 607457, P|B
Ryan Weathers, 2942967, 23796, 677960, P|B
Deivi Garcia, 2822849, 20276, 665620, P|B
Francisco Alvarez, 3152036, 26121, 682626, C|UT|B
Cooper Criswell, 2932664, 24975, 681867, P|B
Bryce Elder, 26615410, 27779, 693821, P|B
Cedric Mullins, 2227731, 17929, 656775, OF|UT|B
David Hamilton, 3158363, 27531, 666152, 2B|SS|UT|B
Dinelson Lamet, 2507517, 17186, 659275, P|B
Luis Garcia, 2768551, 20391, 671277, 2B|UT|B
Jake Fraley, 2782922, 19260, 641584, OF|UT|B
Eloy Jimenez, 2167765, 17484, 650391, UT|B
Yusei Kikuchi, 3073522, 20633, 579328, P|B
Brendan Rodgers, 2184348, 17907, 663898, 2B|UT|B
Jose Rodriguez, 3108968, 24388, 679563, P|B
Tink Hence, 26615406, sa3014709, 693311, P|B
Corey Knebel, 2066314, 15010, 608349, P|B
Danny Jansen, 2216808, 16535, 643376, C|UT|B
Jake McCarthy, 2931995, 21622, 664983, OF|UT|B
Cristian Mena, 26913414, 27974, 691441, P|B
Luke Weaver, 2135258, 16918, 596133, P|B
Anthony Garcia, 3090755, sa502038, 571685, OF|UT|B
Danny Mendick, 2824375, 18889, 664901, 3B|UT|B
Adolis Garcia, 2728643, 19287, 666969, OF|UT|B
Wilmer Flores, 29077684, sa3015223, 695865, P|B
Matthew Batten, 2836581, 20157, 676946, 1B|UT|B
Dane Myers, 2837277, 22054, 667472, OF|UT|B
Adam Frazier, 2121473, 15223, 624428, 2B|OF|UT|B
Logan O'Hoppe, 3166980, 24729, 681351, C|UT|B
Esteury Ruiz, 2825651, 21780, 665923, OF|UT|B
Enyel De Los Santos, 2211795, 18403, 660853, P|B
Ryan O'Hearn, 2211177, 16442, 656811, 1B|OF|UT|B
Chris Stratton, 2044544, 13761, 608717, P|B
Andrew Moore, 29342313, 17553, 621058, P|B
David Peterson, 2835074, 20302, 656849, P|B
Erik Gonzalez, 2052583, 13369, 570481, SS|UT|B
Justin Thomas, 2114133, 9910, 476206, P|B
Austin Davis, 2822230, 17117, 656354, P|B
Vladimir Gutierrez, 2509404, 19278, 661269, P|B
Adrian Martinez, 26861440, 21023, 661309, P|B
Austin Nola, 2050477, 15941, 543592, C|UT|B
Yonny Chirinos, 2822004, 16401, 630023, P|B
Ryan McMahon, 2066810, 15112, 641857, 3B|UT|B
Julio Urias, 2073700, 14765, 628711, P|B
Erik Swanson, 2927324, 16587, 657024, P|B
Julio Rodriguez, 2825528, 23697, 677594, OF|UT|B
Robert Gasser, 26911742, 29812, 688107, P|B
Nick Sandlin, 2932044, 20517, 680704, P|B
Tyler Ferguson, 2453422, 19481, 621053, P|B
Ben Heller, 2228458, 15100, 621294, P|B
Bryan Mata, 2824203, sa917784, 667356, P|B
Christian Scott, 26911775, 30107, 681035, P|B
Matt Beaty, 2750312, 17710, 607461, 1B|UT|B
Peter Strzelecki, 28869467, 21367, 657265, P|B
Brett Phillips, 2167477, 14735, 621433, OF|UT|B
Trenton Brooks, 2804230, 19384, 670092, 1B|UT|B
Spencer Howard, 2837011, 23252, 675921, P|B
Daniel Lynch, 2931989, 21537, 663738, P|B
Kenley Jansen, 1208718, 3096, 445276, P|B
Sean Newcomb, 2165525, 16943, 656794, P|B
Donovan Solano, 1666544, 8623, 456781, 1B|3B|UT|B
Tyler White, 2215849, 15564, 643603, 1B|UT|B
Jose Tena, 3107923, 23691, 677588, 3B|UT|B
Charlie Morton, 1390876, 4676, 450203, P|B
Travis Bazzana, 29426030, sa3025129, 683953, 2B|UT|B
Valente Bellozo, 2931901, 23899, 678368, P|B
Grayson Rodriguez, 2942971, 24492, 680570, P|B
Enmanuel Valdez, 2826369, 21716, 665839, 2B|UT|B
Kumar Rocker, 28920004, 31843, 677958, P|B
Humberto Castellanos, 2821884, 21183, 528748, P|B
Luis Severino, 2117131, 15890, 622663, P|B
Nick Ramirez, 1947843, 12575, 598286, P|B
Corey Julks, 2837058, 20311, 667452, OF|UT|B
Pavin Smith, 2835059, 19892, 656976, OF|UT|B
Bryson Stott, 3117910, 26294, 681082, 2B|UT|B
Justice Bigbie, 28850995, sa3016971, 694425, OF|UT|B
James Wood, 26911704, 29518, 695578, OF|UT|B
Joe Boyle, 26615456, 29608, 671212, P|B
Joe Ross, 1894640, 12972, 605452, P|B
Taj Bradley, 2932285, 22543, 671737, P|B
Griff McGarry, 2837204, sa3017130, 676046, P|B
Jake Meyers, 2837229, 20308, 676694, OF|UT|B
Jon Gray, 2066291, 14916, 592351, P|B
Jacob Bird, 28838541, 21267, 656234, P|B
Trey Mancini, 2119352, 15149, 641820, 1B|UT|B
Kyle Finnegan, 2739972, 15009, 640448, P|B
Wander Franco, 2955091, 23667, 677551, SS|UT|B
Adam Kolarek, 2113634, 10843, 592473, P|B
Zac Veen, 3173109, sa3014516, 691728, OF|UT|B
Yimi Garcia, 2048494, 12095, 554340, P|B
Josh Bell, 1940495, 13145, 605137, 1B|UT|B
Shane Bieber, 2507333, 19427, 669456, P|B
Alex Wood, 2036154, 13781, 622072, P|B
Jasson Dominguez, 3131512, 28080, 691176, OF|UT|B
Jose Iglesias, 1707364, 10231, 578428, 2B|3B|UT|B
Raymond Kerr, 2878486, 23809, 678061, P|B
Max Stassi, 1727686, 10059, 545358, C|UT|B
Aaron Nola, 2133925, 16149, 605400, P|B
Jose Ferrer, 29036770, 24017, 678606, P|B
Aristides Aquino, 2167457, 15482, 606157, OF|UT|B
Nick Nastrini, 29077672, 29833, 680897, P|B
Matt McLain, 2942987, 29695, 680574, SS|UT|B
Jose Martinez, 2117121, 7996, 500874, P|B
Steven Kwan, 2932861, 24610, 680757, OF|UT|B
Brock Burke, 3055543, 17968, 656271, P|B
Kyren Paris, 3151906, 26420, 677347, 2B|UT|B
Bobby Miller, 2837232, 27483, 676272, P|B
Michael Burrows, 2932621, sa3008517, 681347, P|B
Hunter Renfroe, 2069467, 15464, 592669, OF|UT|B
Andrew Kittredge, 2228478, 12828, 552640, P|B
Matt Chapman, 2135256, 16505, 656305, 3B|UT|B
Jason Heyward, 1611138, 4940, 518792, OF|UT|B
Matt Andriese, 2114451, 12022, 542882, P|B
Zack Kelly, 2846714, 20349, 677161, P|B
Jake Junis, 2443874, 13619, 596001, P|B
Mark Melancon, 1493886, 4264, 453343, P|B
Zack Wheeler, 1744777, 10310, 554430, P|B
Thad Ward, 2933185, 21513, 663658, P|B
Jose Miranda, 26615340, 20538, 669304, 3B|UT|B
Cristian Pache, 2507494, 19948, 665506, OF|UT|B
Jon Duplantier, 2826814, 19546, 641541, P|B
Emilio Pagan, 2120160, 14771, 641941, P|B
Eury Perez, 26912478, 27768, 691587, P|B
Chase Meidroth, 29090728, sa3020011, 805367, SS|UT|B
Isaac Paredes, 2910610, 20036, 670623, 3B|UT|B
Taijuan Walker, 1757981, 11836, 592836, P|B
Alex Guerrero, 2932787, 15670, 648717, 1B|UT|B
Daulton Varsho, 2837630, 19918, 662139, OF|UT|B
Anthony Bender, 26635138, 19742, 669622, P|B
David Peralta, 2119697, 2136, 444482, OF|UT|B
Yency Almonte, 2118907, 15068, 622075, P|B
Lucius Fox, 2227139, 18899, 665650, SS|UT|B
Jose Herrera, 2211744, 17040, 645444, C|UT|B
Adalberto Mondesi, 2044531, 13769, 609275, SS|UT|B
Griffin Jax, 3157710, 20253, 643377, P|B
Diego Cartaya, 3152038, sa3008742, 682616, C|UT|B
Davis Martin, 2932915, 21448, 663436, P|B
Chris Bassitt, 2114418, 12304, 605135, P|B
Alex Call, 2507195, 19296, 669743, OF|UT|B
Taylor Rogers, 2164751, 13449, 573124, P|B
Duane Underwood, 2044487, 14677, 621249, P|B
Brett Martin, 2453424, 17369, 656685, P|B
Taylor Hearn, 2453409, 18325, 621368, P|B
Tommy Henry, 3152114, 26285, 674072, P|B
Jeff Brigham, 2986554, 16631, 656257, P|B
Trent Thornton, 2743313, 17948, 663423, P|B
Mauricio Dubon, 2226887, 16530, 643289, 1B|2B|OF|UT|B
Colin Rea, 2170141, 12317, 607067, P|B
Wil Myers, 1744704, 10047, 571976, OF|UT|B
Kyle Teel, 29155728, sa3022886, 691019, C|UT|B
Jonny DeLuca, 2836800, 26365, 676356, OF|UT|B
Daniel Espino, 3117921, sa3011495, 682982, P|B
Albert Suarez, 2829147, 6175, 544150, SS|UT|B
Shawn Armstrong, 2121144, 12857, 542888, P|B
Kyle Garlick, 2227217, 18063, 664247, OF|UT|B
Brett de Geus, 2836786, 23592, 676969, P|B
Tyler Duffey, 2164747, 13758, 608648, P|B
James Outman, 2932989, 24770, 681546, OF|UT|B
Victor Vodnik, 2933180, 24614, 680767, P|B
Brooks Baldwin, 29295900, 31394, 681460, 2B|UT|B
Nick Avila, 28837849, sa3011532, 687014, P|B
Dom Nunez, 2165915, 15055, 624513, C|UT|B
Michael Lorenzen, 2066707, 14843, 547179, P|B
Josh Sborz, 2453271, 18323, 622250, P|B
Keegan Thompson, 2837600, 19795, 624522, P|B
Sam Huff, 3096418, 22209, 669087, C|UT|B
Liover Peguero, 3152050, 24273, 678894, SS|UT|B
Mark Leiter, 2804924, 15551, 643410, P|B
Matt Mervis, 28944596, 27845, 670223, UT|B
Michael Kelly, 2693483, 12791, 547184, P|B
Colby White, 28838284, sa3011200, 686831, P|B
Jose Caballero, 2836680, 23401, 676609, 2B|3B|SS|UT|B
Joey Estes, 26911729, 26257, 683155, P|B
Nelson Velazquez, 2837635, 23359, 676369, OF|UT|B
Noah Cameron, 29075748, sa3018097, 702070, P|B
Sam Coonrod, 2211217, 17264, 656322, P|B
Mike Yastrzemski, 2119046, 14854, 573262, OF|UT|B
Connor Brogdon, 2836653, 21205, 641401, P|B
Dane Dunning, 2250614, 19409, 641540, P|B
Spencer Steer, 26635167, 26323, 668715, 1B|OF|UT|B
Austin Shenton, 3165226, 25425, 668853, 1B|UT|B
C.J. Abrams, 3117475, 25768, 682928, SS|UT|B
Grant Anderson, 28838064, 20546, 681982, P|B
Joseph Ortiz, 26911690, 25493, 687401, 3B|UT|B
Trevor Rosenthal, 1937341, 10745, 572096, P|B
Jose Alvarez, 2830085, 5358, 501625, C|UT|B
Christian Vazquez, 1810924, 9774, 543877, C|UT|B
Sal Frelick, 26719606, 29622, 686217, OF|UT|B
Noah Schultz, 28920029, sa3020949, 702273, P|B
Wynton Bernard, 2050875, 13408, 592144, OF|UT|B
Hunter Greene, 2835054, 22182, 668881, P|B
Casey Schmitt, 26615334, 27577, 669477, 2B|UT|B
Ryan Mountcastle, 2211203, 18373, 663624, 1B|UT|B
Blake Snell, 2006996, 13543, 605483, P|B
Andres Chaparro, 2821977, 21797, 665953, UT|B
Jose Barrero, 3077714, 23378, 676480, SS|UT|B
Luis Castillo, 2223751, 15689, 622491, P|B
Austin Wells, 26615315, 27562, 669224, C|UT|B
Wade Miley, 1716842, 8779, 489119, P|B
Aaron Zavala, 26911720, sa3017665, 701648, OF|UT|B
Jose Alvarado, 2444515, 17780, 621237, P|B
Casey Lawrence, 2434730, 11121, 596271, P|B
Dylan Floro, 2167510, 13394, 571670, P|B
Thomas Harrington, 29075777, sa3020752, 802419, P|B
Michael McGreevy, 26719613, 29869, 700241, P|B
Trevor Megill, 2919567, 17722, 656730, P|B
Max Schrock, 2447480, 17750, 621011, OF|UT|B
Johnathan Rodriguez, 2837422, 22530, 671286, OF|UT|B
Bradley Blalock, 26911757, 26419, 687134, P|B
David Freitas, 1958609, 10619, 571679, C|UT|B
Taylor Ward, 2184470, 17548, 621493, OF|UT|B
Tyler Soderstrom, 3166655, 27467, 691016, 1B|UT|B
Geraldo Perdomo, 2829102, 22799, 672695, SS|UT|B
Brandon Nimmo, 1894663, 12927, 607043, OF|UT|B
Luis Robert, 2826875, 20043, 673357, OF|UT|B
Travis Lakins, 2449986, 18600, 664042, P|B
Carlos Rodon, 2138665, 16137, 607074, P|B
Jose Rodriguez, 29676686, 24388, 679563, P|B
Michael Stefanic, 3158039, 25353, 683021, 2B|UT|B
Joey Votto, 547434, 4314, 458015, 1B|UT|B
Adam Duvall, 2042091, 10950, 594807, OF|UT|B
Kevin Kiermaier, 1812666, 11038, 595281, OF|UT|B
Nick Wittgren, 2117127, 15594, 621295, P|B
Brice Turang, 2942981, 22186, 668930, 2B|UT|B
Tyler Gentry, 26615388, sa3014485, 694355, OF|UT|B
Luke Jackson, 1765054, 11752, 592426, P|B
Luis Vazquez, 2837633, 23442, 676679, SS|UT|B
Ketel Marte, 1963334, 13613, 606466, 2B|UT|B
Javier Baez, 1894628, 12979, 595879, SS|UT|B
Ethan Salas, 29086586, sa3020881, 806956, C|UT|B
Anderson Espinoza, 2211779, 18593, 659262, P|B
Alec Hansen, 2453261, sa738344, 641662, P|B
Christian Bethancourt, 1718084, 10028, 542194, C|UT|B
Ryan Fernandez, 28841681, 24862, 681676, P|B
Tyler Glasnow, 2068548, 14374, 607192, P|B
Braden Bristo, 3107894, 20494, 668754, P|B
Cory Abbott, 3116181, 20277, 676265, P|B
Joshua Lowe, 2250598, 19953, 666139, OF|UT|B
Austin Barnes, 2046041, 12158, 605131, C|UT|B
Cesar Valdez, 1654354, 9013, 491624, P|B
Sam Moll, 2118910, 14874, 594580, P|B
Edwin Rios, 2447492, 18316, 621458, 1B|UT|B
Daz Cameron, 2211205, 18353, 663662, OF|UT|B
Ramon Laureano, 2224252, 17128, 657656, OF|UT|B
Rangel Ravelo, 2159730, 10839, 592660, UT|B
Angel Martinez, 26615349, 26540, 682657, OF|UT|B
Chance Sisco, 2066827, 15694, 642082, C|UT|B
Yu Darvish, 1937347, 13074, 506433, P|B
Zack Littell, 2453418, 15823, 641793, P|B
Jo Adell, 2835062, 20220, 666176, OF|UT|B
Manuel Rodriguez, 3151014, 20794, 655889, P|B
Jackie Bradley Jr., 1960252, 12984, 598265, OF|UT|B
Mike Mayers, 2167331, 15451, 594577, P|B
Ke'Bryan Hayes, 2211187, 18577, 663647, 3B|UT|B
Tyler Beede, 2136389, 16981, 595881, P|B
Addison Barger, 2932270, 24598, 680718, 3B|OF|UT|B
Tony Gonsolin, 2915614, 19388, 664062, P|B
Ryan McKenna, 2804508, 19928, 663630, OF|UT|B
Kent Emanuel, 2169881, 15849, 592288, P|B
Cristian Javier, 2910637, 17606, 664299, P|B
Victor Robles, 2211801, 18363, 645302, OF|UT|B
Chase Hampton, 29081087, sa3020682, 694633, P|B
Jahmai Jones, 2211211, 18872, 663330, OF|UT|B
Leonardo Jimenez, 3077706, 23782, 677870, 2B|SS|UT|B
Kyle Freeland, 2135246, 16256, 607536, P|B
Alex Freeland, 29088587, sa3020653, 690976, SS|UT|B
Matt Duffy, 2120665, 13836, 622110, 3B|UT|B
Brandon Crawford, 1666686, 5343, 543063, SS|UT|B
Joe Jimenez, 2167349, 15761, 641729, P|B
Evan White, 2835069, 20078, 657108, 1B|UT|B
Pedro Avila, 2507525, 18864, 658648, P|B
Colton Welker, 2506934, 19961, 666213, 3B|UT|B
T.J. Zeuch, 2250606, 19269, 643615, P|B
Dalton Rushing, 29075514, sa3019892, 687221, C|UT|B
Peyton Burdick, 3152053, 25459, 680814, OF|UT|B
Dillon Dingler, 3165152, 27464, 693307, C|UT|B
Josiah Gray, 2931954, 24580, 680686, P|B
Damiano Palmegiani, 28846860, sa3017326, 671913, 3B|UT|B
Tyler Anderson, 1894636, 12880, 542881, P|B
Drew Rucinski, 2136146, 12499, 607968, P|B
Tarik Skubal, 3126008, 22267, 669373, P|B
Trevor Richards, 2914673, 19309, 670950, P|B
Jonatan Clase, 26913033, 26599, 682729, OF|UT|B
Huascar Ynoa, 3054661, 20468, 660623, P|B
Anthony DeSclafani, 2117049, 13050, 543101, P|B
Yuki Matsui, 29320531, 33826, 673513, P|B
Jeffrey Springs, 2227187, 17677, 605488, P|B
Nick Fortes, 2932739, 21538, 663743, C|UT|B
Mike Moustakas, 1232128, 4892, 519058, 3B|UT|B
William Contreras, 2822087, 20503, 661388, C|UT|B
Kyle Hendricks, 2108023, 12049, 543294, P|B
Naoyuki Uwasawa, 29327027, sa3023347, 683822, P|B
Jackson Chourio, 26643926, 28806, 694192, OF|UT|B
Jacob Barnes, 2210103, 12323, 606930, P|B
Tomoyuki Sugano, 29632883, sa3025685, 608372, P|B
Victor Victor Mesa, 3059233, sa3008602, 673516, OF|UT|B
Shinnosuke Ogasawara, 29675136, , 829272, P|B
Dylan Cease, 2211754, 18525, 656302, P|B
Zach Eflin, 2044513, 13774, 621107, P|B
Charles Leblanc, 2918998, 19813, 641779, 3B|UT|B
Josh Harrison, 1670494, 8202, 543281, 3B|UT|B
Jose Castillo, 2900487, 17169, 620454, P|B
Luis Gonzalez, 2169716, 20332, 670768, SS|UT|B
Amed Rosario, 2117042, 15518, 642708, 2B|OF|UT|B
Sterling Sharp, 3152269, 19671, 643532, P|B
Justin Wilson, 1795985, 4301, 458677, P|B
Brent Rooker, 2837434, 19627, 667670, UT|B
J.P. France, 2932741, 21212, 641585, P|B
Spencer Arrighetti, 29075773, 29921, 681293, P|B
Jose Siri, 2170135, 17452, 642350, OF|UT|B
Luke Raley, 2921005, 19354, 670042, 1B|OF|UT|B
Cody Bellinger, 2165919, 15998, 641355, 1B|OF|UT|B
Richard Fitts, 29075756, 30160, 690916, P|B
Trey Lipscomb, 29075779, 31567, 702358, 3B|UT|B
Spencer Turnbull, 2167350, 16207, 605513, P|B
Drew Romo, 26615318, 27763, 691011, C|UT|B
Cam Smith, 29426043, sa3025358, 701358, 3B|UT|B
Louie Varland, 26911730, 27691, 686973, P|B
Riley Pint, 2250591, 21858, 666207, P|B
Tim Anderson, 2066301, 15172, 641313, SS|UT|B
Erasmo Ramirez, 1939521, 10314, 541640, P|B
Roberto Perez, 1740989, 2900, 547379, C|UT|B
Michael Massey, 29644482, 27684, 686681, P|B
Kevin Gausman, 2000033, 14107, 592332, P|B
Nick Mears, 3157088, 25376, 683232, P|B
Aaron Judge, 2071264, 15640, 592450, OF|UT|B
Craig Yoho, 29658270, sa3023032, 684974, P|B
Zach Remillard, 2921301, 19788, 621545, 2B|UT|B
Mason Englert, 2932717, 22288, 669438, P|B
Anthony Bemboom, 2171288, 13854, 621532, C|UT|B
Matt Strahm, 2210233, 13799, 621381, P|B
Jonathan Singleton, 1754162, 10441, 572138, 1B|UT|B
Rhys Hoskins, 2211176, 16472, 656555, 1B|UT|B
Nathan Lukes, 2227773, 18123, 664770, OF|UT|B
Austin Cox, 2932660, 24604, 680735, P|B
Xzavion Curry, 26757778, 25595, 675540, P|B
Ryan Thompson, 2801794, 16647, 657044, P|B
Tim Lopes, 2118908, 14137, 621005, 2B|UT|B
Adam Ravenelle, 2222110, sa602703, 605435, P|B
Jason Adam, 1846226, 11861, 592094, P|B
Harold Castro, 2170086, 14691, 605612, 2B|UT|B
Abraham Toro, 2921390, 19844, 647351, 3B|UT|B
Darius Vines, 2837641, 25928, 670241, P|B
Jarred Kelenic, 2942966, 22558, 672284, OF|UT|B
Josh Johnson, 1812889, 4567, 435178, P|B
Luis Cruz, 2216696, 3188, 458501, C|UT|B
Chad Wallach, 2166445, 17161, 595453, C|UT|B
Drew Smyly, 1840445, 11760, 592767, P|B
Marcus Semien, 1947827, 12533, 543760, 2B|UT|B
Tanner Banks, 3152732, 16990, 621383, P|B
Hunter Goodman, 26911639, 29715, 696100, C|OF|UT|B
Marco Luciano, 3086498, 25616, 682617, SS|UT|B
Kyle Crick, 1947854, 13182, 605195, P|B
Darell Hernaiz, 3158552, 26224, 687231, 3B|UT|B
Jacob Brentz, 3152741, 17783, 641394, P|B
Taylor Clarke, 2211247, 17611, 664199, P|B
Edward Olivares, 2734289, 19698, 658668, OF|UT|B
Anthony Gose, 1758976, 5097, 543238, P|B
Juan Soto, 2507367, 20123, 665742, OF|UT|B
Miguel Castro, 2167491, 15684, 612434, P|B
Giovanny Gallegos, 2444667, 14986, 606149, P|B
Bobby Witt, 3117472, 25764, 677951, SS|UT|B
Carson Williams, 26719681, sa3017795, 700246, SS|UT|B
Kyle Bradish, 2932284, 24586, 680694, P|B
Dylan Crews, 29155725, 33541, 686611, OF|UT|B
Juan Yepez, 26793415, 18400, 660766, 1B|UT|B
Alex Faedo, 2835070, 19874, 656412, P|B
Mark Payton, 2226316, 16042, 592622, OF|UT|B
Kyle Tyler, 2933149, 22092, 667725, P|B
Ryan Vilade, 2837639, 22165, 668723, OF|UT|B
Jose Suarez, 2928771, 19911, 660761, P|B
Jairo Iriarte, 29077617, sa3010798, 683568, P|B
Vimael Machin, 2804229, 17684, 605353, 3B|UT|B
Agustin Ramirez, 29085042, sa3009276, 682663, C|UT|B
Clay Holmes, 2044540, 13649, 605280, P|B
Zach Jackson, 3086076, 19493, 667427, P|B
Bryan Ramos, 26912849, 25621, 682868, 3B|UT|B
Josh Jung, 3117479, 26299, 673962, 3B|UT|B
Mike Adams, 29084549, 1937, 430606, P|B
Bubba Chandler, 26912443, sa3017428, 696149, P|B
Brandon Dixon, 2169803, 15214, 641525, 1B|UT|B
Thomas Pannone, 2824875, 17281, 623381, P|B
Wade Meckler, 29084415, 31490, 685133, OF|UT|B
Stephen Gonsalves, 2167355, 15492, 624427, P|B
Brandon Woodruff, 2449977, 16162, 605540, P|B
Griffin Canning, 2836689, 19867, 656288, P|B
Jake Burger, 2835063, 22275, 669394, 1B|3B|UT|B
Ryan Yarbrough, 2167343, 16502, 642232, P|B
Burch Smith, 2059552, 12784, 572143, P|B
Quinn Mathews, 29295990, sa3023407, 687273, P|B
Darin Ruf, 1812895, 9929, 573131, UT|B
Rafael Ortega, 2017392, 10323, 542364, OF|UT|B
Bryan Hudson, 2226888, 19924, 663542, OF|UT|B
Yu Chang, 2169720, 14773, 644374, SS|UT|B
Josh Palacios, 2734155, 19818, 641943, OF|UT|B
Leonardo Rivas, 2825402, 21009, 660844, SS|UT|B
Ryan Kreidler, 3157917, 25867, 668952, SS|UT|B
Joely Rodriguez, 2107842, 11487, 570257, P|B
Eli White, 2915816, 19346, 642201, OF|UT|B
Oscar Colas, 28837104, 30162, 693049, OF|UT|B
Tyler Matzek, 1739668, 10058, 554431, P|B
Jacob Lopez, 26912475, 25098, 682052, P|B
Lou Trivino, 2228461, 15043, 642152, P|B
Andrew Brown, 3096417, 3837, 518500, P|B
Travis d'Arnaud, 1730742, 7739, 518595, C|UT|B
Spencer Strider, 2837573, 27498, 675911, P|B
Tim Hill, 2791772, 16814, 657612, P|B
Prelander Berroa, 26912442, 22932, 672860, P|B
David Fry, 2932748, 24934, 681807, 1B|C|OF|UT|B
Mitch Garver, 2164748, 15161, 641598, C|UT|B
George Valera, 3077721, sa3006872, 671655, OF|UT|B
Hyun-Jin Ryu, 2029433, 14444, 547943, P|B
Chayce McDermott, 26911765, 29866, 694646, P|B
Andrew Knizner, 2699270, 19514, 668800, C|UT|B
Tekoah Roby, 26911744, sa3014519, 694358, P|B
Kevin Alcantara, 26913029, 25971, 682634, OF|UT|B
Shane Greene, 2040765, 10756, 572888, P|B
Nick Pivetta, 2167338, 15454, 601713, P|B
Joey Cantillo, 2836690, 23335, 676282, P|B
Hurston Waldrep, 29153556, 33527, 694462, P|B
Austin Slater, 2226803, 16153, 596103, OF|UT|B
JT Chargois, 2210203, 13767, 608638, P|B
Nick Martinez, 2119647, 12730, 607259, P|B
James Jones, 1740949, 9767, 571825, OF|UT|B
Jackson Rutledge, 3117914, 26215, 671131, P|B
Wil Crowe, 2836767, 19800, 640444, P|B
Tucker Davidson, 2910640, 19871, 656353, P|B
Jeremy Pena, 2932999, 21636, 665161, SS|UT|B
Jesus Tinoco, 2211808, 16300, 622786, P|B
Trey Cabbage, 3103463, 21078, 663550, OF|UT|B
Logan Porter, 27022498, 20626, 682515, C|UT|B
Alexis Diaz, 26861431, 21132, 664747, P|B
DJ Stewart, 2184469, 17766, 621466, OF|UT|B
Jason Delay, 2836796, 19806, 641511, C|UT|B
Logan Evans, 29342665, sa3023077, 688138, P|B
Rhett Lowder, 29153545, 33876, 695076, P|B
Sandy Alcantara, 2211794, 18684, 645261, P|B
Evan Longoria, 1114751, 9368, 446334, 3B|UT|B
Alex Reyes, 2117043, 15015, 621052, P|B
DL Hall, 2835075, 22207, 669084, P|B
Chas McCormick, 2837198, 19599, 676801, OF|UT|B
Jimmy Herget, 2509405, 17556, 623474, P|B
Austin Hays, 2507192, 19363, 669720, OF|UT|B
Luke Voit, 2226571, 14811, 572228, 1B|UT|B
Jose Altuve, 1839905, 5417, 514888, 2B|UT|B
Tyler Holton, 2837004, 26231, 663947, P|B
Estevan Florial, 2507504, 19151, 664314, OF|UT|B
J.D. Davis, 2167497, 16219, 605204, 1B|UT|B
Diego Castillo, 2507361, 19906, 660636, 3B|UT|B
Trevor Rogers, 2835065, 22286, 669432, P|B
River Ryan, 29295923, 29514, 689981, P|B
Noah Syndergaard, 1757988, 11762, 592789, P|B
Logan Webb, 3055542, 17995, 657277, P|B
Orelvis Martinez, 3152049, 25967, 682619, 2B|UT|B
Keynan Middleton, 2444540, 15264, 641871, P|B
Yuli Gurriel, 2250236, 19198, 493329, 1B|UT|B
Zachary Neto, 28920016, 31347, 687263, SS|UT|B
Matt Barnes, 1947821, 12863, 598264, P|B
Jared Shuster, 3165231, 27472, 694363, P|B
Reed Garrett, 2739980, 16866, 657585, P|B
Buddy Kennedy, 2837071, 22505, 671083, 2B|UT|B
Mickey Moniak, 2250588, 19956, 666160, OF|UT|B
Adrian Sampson, 2166172, 13339, 592716, P|B
Forrest Wall, 2135267, 16496, 657088, OF|UT|B
Lenyn Sosa, 2846118, 22896, 672820, 2B|3B|UT|B
Nick Neidert, 2211239, 18699, 663734, P|B
Seth Beer, 2942991, 20493, 666179, UT|B
Royber Salinas, 29077677, sa3009243, 683690, P|B
Alfonso Rivas, 3097059, 21560, 663845, 1B|UT|B
Mitch White, 2768556, 19225, 669952, P|B
Ronald Guzman, 2053476, 14388, 608597, 1B|UT|B
Matt Koch, 2210230, 13420, 571863, P|B
Ty Buttrey, 2734153, 14719, 621142, P|B
Dorssys Paulino, 2042941, sa659464, 609267, OF|UT|B
Ryan Walker, 29092535, 20423, 676254, P|B
Xavier Edwards, 2931936, 22266, 669364, SS|UT|B
Francisco Lindor, 1894627, 12916, 596019, SS|UT|B
Kameron Misner, 3117936, 26374, 670224, OF|UT|B
Luis Medina, 26616951, 21649, 665622, OF|UT|B
Jake Alu, 28841679, 25569, 666906, OF|UT|B
Robert Hassell, 3165361, sa3014701, 690987, OF|UT|B
Jose Martinez, 2835155, 7996, 500874, P|B
Tristan Beck, 2836586, 21584, 663941, P|B
Daniel Norris, 1956960, 13475, 596057, P|B
Jack O'Loughlin, 29321723, 22690, 672552, P|B
Julio Rodriguez, 29684916, 23697, 677594, P|B
Luis Perdomo, 2211467, 14682, 606131, P|B
Oswaldo Cabrera, 2821765, 21707, 665828, 3B|UT|B
Bailey Ober, 2837306, 21224, 641927, P|B
Freddie Freeman, 1630079, 5361, 518692, 1B|UT|B
Davis Daniel, 2932675, 27582, 669721, P|B
Tyler Gilbert, 3079502, 17964, 656457, P|B
Javier Sanoja, 29086431, 28253, 691594, 2B|UT|B
Kevin Cron, 2171198, 16211, 605196, UT|B
Casey Mize, 2942958, 20492, 663554, P|B
Jose Azocar, 2222107, 18821, 640492, OF|UT|B
Kyle Hart, 2915535, 19646, 606996, P|B
Josh Rogers, 2915877, 18510, 642028, P|B
Tyler Moore, 2915591, 7244, 489138, 1B|UT|B
Hagen Smith, 29426034, sa3025544, 696146, P|B
Bryan Sammons, 2837456, 20462, 676614, P|B
Christian Arroyo, 2066307, 16434, 624414, 2B|UT|B
Jay Groome, 2250597, sa917925, 666130, P|B
Andres Munoz, 2910638, 20373, 662253, P|B
Adley Rutschman, 3117469, 26288, 668939, C|UT|B
Marcelo Mayer, 26719555, sa3017114, 691785, SS|UT|B
Yusniel Diaz, 2227224, 18905, 666783, OF|UT|B
Brandon Walter, 26911750, 26056, 687888, P|B
Miguel Andujar, 2167340, 15878, 609280, OF|UT|B
Elias Diaz, 2122215, 11680, 553869, C|UT|B
Adam Haseley, 2835060, 19878, 656514, OF|UT|B
Jose Hernandez, 29038651, 22318, 669796, P|B
Seth Halvorsen, 29352296, 33294, 678020, P|B
Jonathan Holder, 2264741, 16588, 656547, P|B
Reese Olson, 2932983, 24968, 681857, P|B
Joey Gallo, 2007960, 14128, 608336, 1B|UT|B
Zack Short, 2747494, 19562, 670097, 3B|UT|B
Jalen Beeks, 2743312, 17192, 656222, P|B
Pete Fairbanks, 3117421, 17998, 664126, P|B
Max Scherzer, 1225651, 3137, 453286, P|B
Jaden Hill, 26911733, 30250, 677955, P|B
Ji-Man Choi, 2106323, 5452, 596847, UT|B
Phil Bickford, 2184454, 18519, 641360, P|B
Sergio Alcantara, 2118128, 16417, 642727, 3B|UT|B
Jake Rogers, 2910596, 19452, 668670, C|UT|B
Billy Hamilton, 1799465, 10199, 571740, OF|UT|B
Ernie Clement, 2836722, 20352, 676391, 3B|SS|UT|B
Ryan Walker, 2777321, 20423, 676254, SS|UT|B
Matthew Liberatore, 2942976, 22294, 669461, P|B
Joe Ryan, 2933069, 21390, 657746, P|B
Whit Merrifield, 1961293, 11281, 593160, 2B|OF|UT|B
Gordon Graceffo, 28862895, 29519, 700669, P|B
Ryan Noda, 2837297, 23312, 676116, 1B|UT|B
Jake Lamb, 2044246, 13329, 571875, 1B|UT|B
Patrick Corbin, 1758836, 9323, 571578, P|B
Vaughn Grissom, 3168248, 26031, 687093, 2B|UT|B
Ethan Small, 3117928, 26364, 663629, P|B
Jose Fernandez, 28841712, 11530, 605228, SS|UT|B
Jacob deGrom, 2044508, 10954, 594798, P|B
Jared Jones, 26615394, 27863, 683003, P|B
Dominic Smith, 2066296, 15653, 642086, 1B|UT|B
Connor Phillips, 26615435, 27649, 683175, P|B
Chad Kuhl, 2215966, 14975, 641771, P|B
Leonys Martin, 1827526, 11846, 547982, OF|UT|B
Rowdy Tellez, 2171831, 15679, 642133, 1B|UT|B
Jakob Marsee, 29085946, sa3019868, 805300, OF|UT|B
Michael Wacha, 2001081, 14078, 608379, P|B
Jordan Leasure, 29085495, 29950, 673929, P|B
Kenny Rosenberg, 26635162, 20009, 670046, P|B
Daulton Jefferies, 2453278, 19345, 641726, P|B
Nick Dini, 2911586, 18206, 664926, C|UT|B
Paul DeJong, 2211775, 18015, 657557, 3B|SS|UT|B
Jorge Alcala, 2821135, 19459, 660896, P|B
Luis Guillorme, 2211197, 16451, 641645, 2B|UT|B
Drew Gilbert, 28920031, sa3019980, 687551, OF|UT|B
Bo Bichette, 2447495, 19612, 666182, SS|UT|B
Chris Murphy, 26615414, 26214, 669684, P|B
Brad Hand, 1795804, 9111, 543272, P|B
Oscar Gonzalez, 2930870, 20970, 660757, C|UT|B
Jared Young, 2837711, 20404, 676724, 1B|UT|B
Victor Gonzalez, 3150939, 16408, 624647, P|B
Eduardo Escobar, 1670491, 6153, 500871, 3B|UT|B
Joey Wiemer, 26757772, 27690, 686894, OF|UT|B
Kodai Senga, 29046609, 31838, 673540, P|B
Alex Verdugo, 2167479, 17027, 657077, OF|UT|B
Brandon Marsh, 2449449, 20202, 669016, OF|UT|B
Edward Cabrera, 2821757, 21690, 665795, P|B
Carson Whisenhunt, 29075501, sa3020529, 687931, P|B
Danny Duffy, 1708185, 3542, 518633, P|B
James Paxton, 1805124, 11828, 572020, P|B
Jeferson Quero, 26912481, sa3015407, 691620, C|UT|B
Sean Manaea, 2066704, 15873, 640455, P|B
Caleb Durbin, 28841190, sa3017183, 702332, 2B|UT|B
Seth Lugo, 2210221, 12447, 607625, P|B
Jake Cousins, 2836753, 21620, 664776, P|B
Justin Lawrence, 3055520, 17639, 664875, P|B
Nick Nelson, 3150941, 20153, 656793, P|B
Spencer Adams, 2167472, sa828687, 656181, P|B
Abner Uribe, 26912489, 25327, 682842, P|B
Beau Burrows, 2184466, 18873, 663366, P|B
Sem Robberse, 26912483, sa3011735, 691828, P|B
Greg Allen, 2171381, 16623, 656185, OF|UT|B
Max Muncy, 26719666, 13301, 571970, SS|UT|B
Chandler Simpson, 29075503, sa3020219, 802415, OF|UT|B
Mike Clevinger, 2044484, 12808, 605182, P|B
Dairon Blanco, 3158299, 19779, 680118, OF|UT|B
John Means, 2824299, 16269, 607644, P|B
Gregory Soto, 2826036, 19677, 642397, P|B
Sawyer Gipson-Long, 29085317, 26048, 687830, P|B
Everson Pereira, 3077717, 23695, 677592, OF|UT|B
Jose Rojas, 2920936, 19331, 670351, 3B|UT|B
Wilyer Abreu, 28838043, 23772, 677800, OF|UT|B
Blake Sabol, 29038638, 25805, 666165, C|UT|B
Sean Burke, 26911758, 29878, 680732, P|B
Tucupita Marcano, 2829907, 22871, 672779, SS|UT|B
Kyle Wright, 2835057, 19665, 657140, P|B
Oneil Cruz, 2822182, 21711, 665833, OF|SS|UT|B
Tyler Rogers, 2170031, 15541, 643511, P|B
Blake Rutherford, 2250603, 19957, 666164, OF|UT|B
Mike Tauchman, 2170179, 15274, 643565, OF|UT|B
Jake Eder, 26615423, sa3014917, 671109, P|B
Daniel Bard, 1662777, 7115, 453268, P|B
Cal Stevenson, 2933123, 22411, 670276, OF|UT|B
Chris Paddack, 2246181, 20099, 663978, P|B
Wenceel Perez, 2829397, 22857, 672761, OF|UT|B
A.J. Alexy, 3077703, 22343, 669935, P|B
Kyle Schwarber, 2135243, 16478, 656941, UT|B
Braden Shewmake, 3117918, 25817, 669699, SS|UT|B
Simeon Woods Richardson, 2932071, 24494, 680573, P|B
Cole Tucker, 2135255, 17326, 657061, 3B|UT|B
Kevin Pillar, 2046044, 12434, 607680, OF|UT|B
Josh Naylor, 2184448, 18839, 647304, 1B|UT|B
Hye Seong Kim, 29660038, sa3012639, 808975, 2B|UT|B
Dixon Machado, 1804067, 11472, 553988, SS|UT|B
Sean Reid-Foley, 2167361, 17034, 656887, P|B
Oscar Gonzalez, 2507497, 20970, 660757, OF|UT|B
Tommy Milone, 1846229, 7608, 543548, P|B
Nick Gonzales, 3167983, 27490, 693304, 2B|UT|B
Chad Bell, 28838066, 10297, 518445, 3B|UT|B
Matt Waldron, 27022499, 25550, 663362, P|B
Andres Gimenez, 2507353, 19950, 665926, 2B|UT|B
Tyler Chatwood, 1725478, 4338, 543022, P|B
Cade Povich, 29077336, 30055, 700249, P|B
Andrew Chafin, 1967936, 12988, 605177, P|B
Jason Alexander, 2846092, 19666, 669920, P|B
Alek Manoah, 3117538, 26410, 666201, P|B
Will Vest, 2837636, 19769, 676684, P|B
Zach DeLoach, 3165225, 27471, 676113, OF|UT|B
Cole Sulser, 2826119, 15256, 642121, P|B
Jared Koenig, 28862920, 27517, 657649, P|B
Gregory Santos, 2825796, 21894, 666619, P|B
Jake Thompson, 29350514, 14371, 622097, OF|UT|B
Andrew McCutchen, 1103290, 9847, 457705, UT|B
Nico Hoerner, 2942984, 21479, 663538, 2B|UT|B
Connor Seabold, 2837489, 19695, 657756, P|B
Andrew Nardi, 2837279, 25942, 677053, P|B
C.J. Cron, 1894603, 12546, 543068, 1B|UT|B
Keegan Akin, 2449983, 19362, 669211, P|B
Lourdes Gurriel, 2431991, 19238, 666971, OF|UT|B
Phillippe Aumont, 1499971, 5362, 518418, P|B
Colten Brewer, 2803670, 12997, 605155, P|B
Brad Keller, 2823660, 15734, 641745, P|B
David Bednar, 2821492, 19569, 670280, P|B
Jhony Brito, 2821679, 25386, 666745, P|B
Zach Greene, 2932784, sa1119415, 681891, P|B
Will Warren, 29075794, 30182, 701542, P|B
Nick Anderson, 2803410, 18337, 623433, P|B
Austin Brice, 2118904, 17237, 592169, P|B
Touki Toussaint, 2135250, 16929, 657053, P|B
Jose Suarez, 29687768, 19911, 660761, OF|UT|B
Mychal Givens, 1958127, 10430, 571710, P|B
Dominic Leone, 2117118, 13763, 608678, P|B
Seranthony Dominguez, 2898211, 19249, 622554, P|B
Malcom Nunez, 3086494, sa3008113, 682650, 3B|UT|B
Franklin German, 2932762, 24750, 681464, P|B
Curt Casali, 1935463, 12510, 592200, C|UT|B
Tyler White, 2228718, 15564, 643603, P|B
Ha-seong Kim, 26608279, 27506, 673490, SS|UT|B
Dillon Tate, 2184350, 17796, 622253, P|B
Drew Thorpe, 29075532, 31967, 689672, P|B
Bryce Miller, 26911810, 29837, 682243, P|B
Franklin Barreto, 2117139, 15519, 620439, 2B|UT|B
Harry Ford, 26719586, sa3017627, 695670, C|UT|B
John Brebbia, 2821662, 12777, 605154, P|B
Carson Spiers, 29190767, 27685, 686730, P|B
Justyn-Henry Malloy, 29077345, 29606, 669234, OF|UT|B
Luis Matos, 26615364, 26467, 682641, OF|UT|B
Justin Jarvis, 2932831, sa3007775, 680691, P|B
Rece Hinds, 3152100, 27493, 677956, OF|UT|B
Rafael Montero, 2038824, 12760, 606160, P|B
Noelvi Marte, 3077711, 26517, 682622, 3B|UT|B
Michael Mercado, 2837221, 23223, 675650, P|B
Gio Urshela, 2043931, 10681, 570482, 3B|UT|B
Joey Meneses, 2218068, 14366, 608841, 1B|UT|B
Jose Fernandez, 2228445, 11530, 605228, 2B|UT|B
Yilber Diaz, 29321919, 29271, 700270, P|B
Alex Lange, 2837106, 19883, 656638, P|B
Dylan Lee, 3083169, 19996, 669276, P|B
Ezequiel Tovar, 26615356, 24064, 678662, SS|UT|B
Caleb Kilian, 2932849, 26213, 668873, P|B
Hoby Milner, 2504136, 13346, 571948, P|B
Otto Lopez, 2847307, 19608, 672640, 2B|UT|B
Bailey Falter, 26608272, 20070, 663559, P|B
Emmet Sheehan, 29075539, 29839, 686218, P|B
Graham Ashcraft, 26635137, 27552, 668933, P|B
Chasen Shreve, 2052548, 10855, 592741, P|B
Anthony Rizzo, 1670417, 3473, 519203, 1B|UT|B
Alex Colome, 1739607, 6661, 517008, P|B
Matt Carpenter, 1794765, 8090, 572761, UT|B
James McArthur, 2932922, 21527, 663704, P|B
Thomas Szapucki, 2453274, 21065, 663378, P|B
Jake Cave, 2120354, 14477, 595909, OF|UT|B
Brad Wieck, 2693486, 16390, 623364, P|B
Wily Peralta, 1784971, 7738, 503449, P|B
Ramon Hernandez, 2823351, 918, 150421, 1B|UT|B
Tejay Antone, 2821260, 16233, 622088, P|B
Clayton Kershaw, 1221725, 2036, 477132, P|B
John Schreiber, 2920577, 20020, 670167, P|B
Taylor Motter, 2043829, 12399, 600301, 2B|UT|B
Jordan Groshans, 2942972, 23794, 677954, 3B|UT|B
Andrew Abbott, 2836515, 29911, 671096, P|B
Lucas Giolito, 2000027, 15474, 608337, P|B
Jacob Stallings, 2119598, 13723, 607732, C|UT|B
Rodolfo Castro, 2821931, 21987, 666801, 2B|UT|B
Jackson Kowar, 2931981, 21549, 663804, P|B
Jonah Bride, 26861425, 24703, 681146, 1B|UT|B
Tyler Zuber, 2837717, 20379, 676604, P|B
Brandon Hughes, 2837019, 23460, 676714, P|B
Oliver Dunn, 29088699, 26295, 686554, 3B|UT|B
Alex Kirilloff, 2250600, 20325, 666135, OF|UT|B
Chase Dollander, 29153547, sa3023361, 801403, P|B
Mike Morin, 2050371, 13442, 573046, P|B
Austin Pruitt, 2444516, 15290, 643493, P|B
Dakota Hudson, 2453421, 19206, 641712, P|B
Jose Abreu, 2106364, 15676, 547989, 1B|UT|B
Jonathan Arauz, 2226223, 20275, 660620, 3B|UT|B
Hunter Brown, 26615407, 25880, 686613, P|B
Calvin Faucher, 2836860, 20116, 676534, P|B
Max Kepler, 2044504, 12144, 596146, OF|UT|B
Jonathan Loaisiga, 2898233, 19753, 642528, P|B
Nolan Gorman, 2942979, 22263, 669357, 2B|UT|B
Luis Ortiz, 28946284, 27646, 682847, P|B
Willie Calhoun, 2211781, 17838, 641432, UT|B
Alexander Canario, 2828978, 22842, 672744, OF|UT|B
Julio Rodriguez, 2931024, 23697, 677594, C|UT|B
Matt Wallner, 3117939, 26466, 670242, OF|UT|B
Joan Adon, 2829294, 22925, 672851, P|B
Andrew Painter, 26719591, sa3017880, 691725, P|B
Chad Green, 2118874, 15552, 643338, P|B
Jordan Romano, 2734002, 16122, 605447, P|B
Kyle Stowers, 3152105, 26151, 669065, OF|UT|B
Heston Kjerstad, 2837085, 31166, 677008, OF|UT|B
Cade Smith, 29351817, 27867, 671922, P|B
Carson Fulmer, 2184355, 18311, 608334, P|B
Jose Torres, 26911684, 14957, 600526, SS|UT|B
Edgar Quero, 26912480, sa3015239, 700337, C|UT|B
Korey Lee, 3117932, 25543, 686676, C|UT|B
Sonny Gray, 1894635, 12768, 543243, P|B
Rafael Devers, 2165929, 17350, 646240, 3B|UT|B
Akil Baddoo, 2449452, 22168, 668731, OF|UT|B
Seby Zavala, 2804021, 18887, 664874, C|UT|B
Skye Bolt, 2228440, 17723, 621450, OF|UT|B
Conner Capel, 2786282, 19983, 668843, OF|UT|B
Jack Suwinski, 2760036, 22244, 669261, OF|UT|B
Triston McKenzie, 2431359, 18000, 663474, P|B
Andre Scrubb, 3157101, 20329, 668687, P|B
Masyn Winn, 3166487, 27479, 691026, SS|UT|B
Josh Taylor, 2702107, 17359, 657031, P|B
Gavin Lux, 2250605, 19955, 666158, 2B|UT|B
Jorge Mateo, 2167484, 17273, 622761, 2B|UT|B
Tyler Heineman, 2114138, 13897, 623168, C|UT|B
Emerson Hancock, 2836958, 27470, 676106, P|B
Rhett Kouba, 29295974, sa3017544, 688763, P|B
Brandon Lowe, 2910604, 18882, 664040, 2B|UT|B
Jesse Chavez, 1098908, 5448, 445926, P|B
John McMillon, 29179447, 27942, 669111, P|B
Hayden Wesneski, 26911738, 27581, 669713, P|B
Jeimer Candelario, 2051255, 13621, 600869, 1B|3B|UT|B
Peter Lambert, 2211236, 17969, 663567, P|B
Nolan Schanuel, 29155727, 33189, 694384, 1B|UT|B
Nolan Jones, 2447486, 20529, 666134, OF|UT|B
Edwin Diaz, 2117203, 14710, 621242, P|B
Grant Holmes, 2135253, 16944, 656550, P|B
Gabriel Moreno, 2829082, 22664, 672515, C|UT|B
Ben Gamel, 1961737, 12160, 592325, OF|UT|B
Kevin Ginkel, 3085906, 19876, 656464, P|B
Kevin Plawecki, 2066320, 13807, 608700, C|UT|B
Alex Jackson, 2135245, 17276, 656577, C|UT|B
Zack Thompson, 3117540, 16094, 605507, P|B
Raimel Tapia, 2117124, 14350, 606132, OF|UT|B
Buck Farmer, 2141540, 14814, 571656, P|B
Lance McCullers, 2001084, 14120, 621121, P|B
Stuart Fairchild, 2836854, 20321, 656413, OF|UT|B
Luke Williams, 2919538, 19931, 663897, 2B|UT|B
Sixto Sanchez, 2507515, 19680, 664350, P|B
Wikelman Gonzalez, 26912471, sa3008687, 682790, P|B
Victor Arano, 2599645, 15915, 644364, P|B
K.C. Hunt, 29632440, sa3022937, 687268, P|B
Kerry Carpenter, 3157914, 25961, 681481, OF|UT|B
Carlos Carrasco, 1231629, 6632, 471911, P|B
Clint Frazier, 2066293, 15983, 640449, OF|UT|B
Carlos Gomez, 29087923, 4881, 460576, P|B
Luis Gonzalez, 2932773, 20332, 670768, P|B
Aledmys Diaz, 2119877, 15937, 649557, SS|UT|B
J.T. Realmuto, 1947839, 11739, 592663, C|UT|B
Weston Wilson, 2803485, 19358, 642215, OF|UT|B
Chris Taylor, 2048496, 13757, 621035, 2B|3B|OF|UT|B
Salvador Perez, 1793168, 7304, 521692, 1B|C|UT|B
Logan Taylor Allen, 26757783, 27589, 671106, P|B
Jonathan India, 2942965, 21523, 663697, 2B|UT|B
Justin Anderson, 2769295, 16201, 605121, P|B
Johan Camargo, 2167325, 14950, 622666, SS|UT|B
Bryan Abreu, 3055522, 16609, 650556, P|B
Jordan Holloway, 2211221, 20631, 656548, P|B
Seth Brown, 2227766, 18171, 664913, 1B|OF|UT|B
Harold Ramirez, 2117133, 14387, 623912, UT|B
Jonathan Hernandez, 2211788, 17464, 642546, P|B
Trent Grisham, 2184451, 18564, 663757, OF|UT|B
Orlando Arcia, 2041500, 13185, 606115, SS|UT|B
Hunter Gaddis, 28921922, 25636, 683769, P|B
Paul Skenes, 29153541, 33677, 694973, P|B
Janson Junk, 2837059, 23301, 676083, P|B
Tyler Kinley, 2171335, 18297, 641755, P|B
Jackson Holliday, 28920005, 31781, 702616, 2B|UT|B
Zach McAllister, 1713866, 2895, 502083, P|B
Ehire Adrianza, 1666190, 8418, 501303, 3B|UT|B
Brady Basso, 29291997, 25582, 669620, P|B
Steven Okert, 2167292, 13580, 595345, P|B
Kristian Robinson, 3077718, sa3006884, 677565, OF|UT|B
Max Meyer, 2837228, 27474, 676974, P|B
Austin Voth, 2138864, 15047, 608723, P|B
Gerrit Cole, 1893753, 13125, 543037, P|B
George Kirby, 3117917, 25436, 669923, P|B
Adam Ottavino, 1537191, 1247, 493603, P|B
Dylan Carlson, 2250618, 20126, 666185, OF|UT|B
Zach Maxwell, 29321983, sa3020255, 687209, P|B
Wyatt Langford, 29153543, 33333, 694671, OF|UT|B
Justin Martinez, 26615409, 24453, 679885, P|B
Tomas Nido, 2443614, 13755, 621512, C|UT|B
Parker Meadows, 2931997, 23800, 678009, OF|UT|B
Bryan Shaw, 1734606, 8110, 543766, P|B
Jake Marisnick, 1804287, 11339, 545350, OF|UT|B
Mike Vasil, 29075742, sa3017915, 678024, P|B
A.J. Smith-Shawver, 26911746, 29960, 700363, P|B
Ian Kennedy, 1262690, 6986, 453178, P|B
Matt Bush, 547421, 1246, 456713, P|B
Henry Davis, 26719539, 29617, 680779, C|UT|B
Grant McCray, 26615380, 25690, 687529, OF|UT|B
Richard Palacios, 26638627, 24589, 680700, 2B|OF|UT|B
Leody Taveras, 2227136, 18900, 665750, OF|UT|B
Pedro Pages, 3157472, 25782, 686780, C|UT|B
Tyler Stephenson, 2184447, 17988, 663886, C|UT|B
Ben Rice, 29086560, 29576, 700250, 1B|UT|B
Lane Thomas, 2731209, 16939, 657041, OF|UT|B
Garrett Cooper, 2120004, 15279, 643265, 1B|UT|B
Tommy Kahnle, 2040766, 11384, 592454, P|B
Jordan Diaz, 2829008, 22650, 672478, 3B|UT|B
Jackson Jobe, 26719550, 30203, 695549, P|B
Luke Maile, 2117544, 13355, 571912, C|UT|B
T.J. McFarland, 2029072, 3237, 519008, P|B
Jarlin Garcia, 2167475, 18282, 606424, P|B
Austin Wynns, 2226900, 15271, 642851, C|UT|B
Jonathan Villar, 292100, 10071, 542340, 2B|UT|B
Ronel Blanco, 2821587, 19407, 669854, P|B
Justin Foscue, 3171729, 27501, 679822, UT|B
Jaime Barria, 2898209, 18356, 642545, P|B
Juan Perez, 2119621, 2557, 448722, 2B|UT|B
Alec Bohm, 2942960, 21618, 664761, 3B|UT|B
Felix Bautista, 2821464, 20666, 642585, P|B
Bowden Francis, 2836879, 20548, 670102, P|B
Orion Kerkering, 29075749, 31776, 689147, P|B
Riley Greene, 3117537, 25976, 682985, OF|UT|B
Jameson Taillon, 1765806, 11674, 592791, P|B
Peyton Battenfield, 26911728, 25777, 685410, P|B
Daniel Schneemann, 3107152, 25180, 682177, OF|SS|UT|B
Kyle Farmer, 2118133, 14813, 571657, 2B|3B|UT|B
Lewin Diaz, 2768553, 18365, 650331, 1B|UT|B
Clayton Beeter, 3166987, 27494, 690925, P|B
Jake Odorizzi, 1757975, 6397, 543606, P|B
Victor Scott II, 29084556, 31349, 687363, OF|UT|B
Osvaldo Bido, 2829868, 23150, 674370, P|B
Scott McGough, 2190046, 12056, 543518, P|B
Ty France, 2227733, 17982, 664034, 1B|UT|B
Ricky Tiedemann, 28838555, sa3018096, 694357, P|B
Carlos Pena, 29676053, 934, 150289, P|B
Dylan Moore, 2226911, 18042, 664238, 2B|3B|OF|SS|UT|B
Brian Serven, 3088372, 19422, 661531, C|UT|B
Alan Roden, 29085045, sa3020212, 702176, OF|UT|B
Luis Arraez, 2821318, 18568, 650333, 1B|2B|UT|B
Jacob Melton, 29075704, sa3019988, 689200, OF|UT|B
Paolo Espino, 2118885, 8246, 502179, P|B
Rougned Odor, 1947857, 12282, 596059, 2B|UT|B
Maximo Castillo, 2821908, 21956, 666721, P|B
Connor Overton, 2824830, 18376, 656818, P|B
Freddy Tarnok, 2837588, 23324, 676206, P|B
Dan Altavilla, 2169865, 16507, 656186, P|B
Spencer Patton, 2120864, 12361, 607359, P|B
Bradley Zimmer, 2135252, 16221, 605548, OF|UT|B
Matt Wilkinson, 29383425, sa3023171, 683363, P|B
Jared Triolo, 3152102, 25807, 669707, 2B|3B|UT|B
Adonis Medina, 2211791, 19903, 658431, P|B
Livan Soto, 3103545, 22471, 670869, 2B|UT|B
Luis Medina, 2911278, 21649, 665622, P|B
Preston Tucker, 2066800, 13633, 605512, OF|UT|B
Trayce Thompson, 1741020, 9952, 572204, OF|UT|B
Robert Suarez, 26861461, 30115, 663158, P|B
Huascar Brazoban, 2821660, 6107, 623211, P|B
Justin Topa, 3157975, 15145, 623437, P|B
Carlos Gonzalez, 2171871, 7287, 471865, P|B
John Curtiss, 2803669, 16128, 595928, P|B
Evan Carter, 26615381, 27790, 694497, OF|UT|B
Avisail Garcia, 1740934, 5760, 541645, OF|UT|B
Penn Murfee, 3157643, 25174, 682171, P|B
Kutter Crawford, 2836759, 20531, 676710, P|B
Cade Cavalli, 2836707, 27473, 676917, P|B
Joe Wieland, 1840203, 6109, 543921, P|B
Wilmer Flores, 1665897, 5827, 527038, 1B|UT|B
Deyvison De Los Santos, 26912506, sa3015168, 691277, 1B|UT|B
David Robertson, 1622557, 8241, 502085, P|B
Ky Bush, 26911735, sa3017386, 681066, P|B
Max Schuemann, 2933087, 24488, 680474, 3B|SS|UT|B
Scott Alexander, 2113509, 10591, 518397, P|B
Adrian Del Castillo, 26911628, 29554, 680728, C|UT|B
Kean Wong, 2226623, 15994, 642221, 2B|UT|B
Tyler Robertson, 29342330, 3223, 502356, OF|UT|B
Cody Poteet, 3152852, 18769, 547001, P|B
Graham Pauley, 29186521, 31363, 688363, 3B|UT|B
Daniel Hudson, 1697836, 7146, 543339, P|B
Geoff Hartlieb, 2921612, 19558, 664129, P|B
Dereck Rodriguez, 2825484, 14509, 605446, P|B
Forrest Whitley, 2250602, 19586, 666215, P|B
Yohan Ramirez, 2825274, 19444, 670990, P|B
Travis Swaggerty, 2942970, 24491, 680552, OF|UT|B
Carlos Correa, 2000028, 14162, 621043, SS|UT|B
Brandon Belt, 1757973, 10264, 474832, UT|B
Mason Thompson, 2768555, 21850, 666168, P|B
Dylan Covey, 2118135, 14825, 592229, P|B
Jacob Amaya, 2836540, 23296, 676070, SS|UT|B
Trea Turner, 2135249, 16252, 607208, SS|UT|B
Chase Silseth, 28862899, 30074, 681217, P|B
Tyler Phillips, 3077724, 20629, 663969, P|B
Mike Trout, 1739608, 10155, 545361, OF|UT|B
Keider Montero, 2829919, 22630, 672456, P|B
Jose Trevino, 2226828, 16725, 624431, C|UT|B
Will Brennan, 28838297, 25660, 686823, OF|UT|B
Zach Davies, 2167465, 13183, 605200, P|B
Jordan Hicks, 2507337, 19618, 663855, P|B
Nick Pratto, 2835066, 22117, 668472, 1B|UT|B
Will Wagner, 29077576, 29634, 695238, 2B|UT|B
Michael Perez, 1963326, 12977, 605421, C|UT|B
Jordan Balazovic, 3077702, 21866, 666364, P|B
Andre Pallante, 26615439, 26108, 669467, P|B
Michel Otanez, 26615427, 22533, 671305, P|B
Trevor Williams, 2066811, 16977, 592866, P|B
Derek Law, 2114069, 13133, 571882, P|B
Myles Straw, 2804215, 17620, 664702, OF|UT|B
JoJo Romero, 2910625, 19574, 668941, P|B
Carl Edwards, 2073701, 13607, 605218, P|B
Caden Dana, 29075499, 31508, 702674, P|B
Hunter Dozier, 2066295, 15117, 641531, 3B|UT|B
Jonathan Davis, 2791376, 15104, 641505, OF|UT|B
Brent Suter, 2124204, 13942, 608718, P|B
Richard Bleier, 2120124, 7803, 542947, P|B
Fernando Cruz, 2171169, 7048, 518585, P|B
Pedro Leon, 26635152, 27781, 694175, OF|UT|B
Elehuris Montero, 2824484, 20543, 660707, 1B|UT|B
Carlos Santana, 1208743, 2396, 467793, 1B|UT|B
Yainer Diaz, 2829012, 23003, 673237, C|UT|B
Tony Kemp, 2165920, 14894, 643393, 2B|UT|B
Jake Cronenworth, 2447496, 18036, 630105, 1B|2B|UT|B
Michael Fulmer, 2007003, 13218, 605242, P|B
Trevor Stephan, 2837558, 19932, 663986, P|B
Jose Hernandez, 29091133, 22318, 669796, C|UT|B
Chris Owings, 1741384, 10030, 572008, SS|UT|B
J.P. Feyereisen, 2693899, 16610, 656420, P|B
James Triantos, 26911669, sa3017295, 701649, 2B|UT|B
Jordan Lyles, 1717424, 7593, 543475, P|B
Jimmy Nelson, 2044107, 10547, 519076, P|B
Vladimir Guerrero, 2221784, 19611, 665489, 1B|UT|B
Chase Anderson, 2027498, 6895, 502624, P|B
Ryan Webb, 29632449, 7474, 444436, P|B
Framber Valdez, 2739968, 17295, 664285, P|B
Anthony Volpe, 3117930, 27647, 683011, SS|UT|B
Davidjohn Herz, 26615416, 26389, 687792, P|B
Jhonkensy Noel, 26615326, 24257, 678877, OF|UT|B
Sam Long, 26635153, 25379, 669674, P|B
Jordan Beck, 29075715, 31431, 687597, OF|UT|B
Wes Parsons, 2118130, 14764, 641149, P|B
Aroldis Chapman, 1717646, 10233, 547973, P|B
Ryne Stanek, 2068544, 15947, 592773, P|B
Kyle Harrison, 26615400, 27758, 690986, P|B
Luis Torrens, 2167460, 15905, 620443, C|UT|B
Cody Reed, 2211173, 15232, 642003, P|B
Matt Manning, 2250594, 20369, 666159, P|B
David Dahl, 2001079, 13744, 621311, OF|UT|B
Austin Martin, 2837172, 27462, 668885, OF|UT|B
A.J. Minter, 2449982, 18655, 621345, P|B
Aaron Ashby, 2836553, 23550, 676879, P|B
Cole Winn, 2942975, 22113, 668390, P|B
Kris Bubic, 2931905, 21455, 663460, P|B
Adrian Morejon, 2803408, 20039, 670970, P|B
Lucas Luetge, 1925712, 8337, 476595, P|B
Pierce Johnson, 2044525, 13435, 572955, P|B
Jose Urquidy, 2228194, 18413, 664353, P|B
David Villar, 2933177, 24782, 681584, 1B|UT|B
Jose Soriano, 2826021, 22100, 667755, P|B
Logan Driscoll, 3157626, 25475, 686482, C|UT|B
Zach Jackson, 2837031, 19493, 667427, C|UT|B
Colton Cowser, 26719565, 29591, 681297, OF|UT|B
Alek Thomas, 2932056, 23792, 677950, OF|UT|B
Daniel Vogelbach, 2028783, 14130, 596129, UT|B
Kevin Smith, 26616955, 20242, 675656, P|B
Adam Oller, 26861446, 20132, 670124, P|B
Robert Garcia, 2836902, 23363, 676395, P|B
Ken Waldichuk, 26671992, 27681, 686610, P|B
Mike Adams, 28839850, 1937, 430606, P|B
Victor Caratini, 2066830, 14968, 605170, C|UT|B
Nick Loftin, 26615348, 27630, 679845, 2B|UT|B
Evan Reifert, 29077503, sa3014860, 682126, P|B
Omar Narvaez, 2171702, 13338, 553882, C|UT|B
