Rank,Player ID,Player,Team,Position(s),ADP,Min Pick,Max Pick,Difference,# Picks,Team,Team Pick
1,9810,"Ohtani, Shohei",LAD,"UT, P",1.31,1,3,,26,,
2,8956,"Judge, Aaron",NYY,OF,2.12,1,4,,26,,
3,10932,"Witt Jr., Bobby",KC,SS,2.88,1,4,,26,,
4,10030,"Soto, Juan",NYM,OF,4.65,3,8,,26,,
5,9775,"Acuna Jr., Ronald",ATL,OF,5.38,1,9,,26,,
6,10711,"Skubal, Tarik",DET,P,6.54,3,9,,26,,
7,8594,"Ramirez, Jose",CLE,3B,6.65,4,10,,26,,
8,11885,"Skenes, Paul",PIT,P,8.58,4,12,,26,,
9,10260,"Rodriguez, Julio",SEA,OF,9.04,5,13,,26,,
10,11583,"De La Cruz, Elly",CIN,SS,9.27,5,12,,26,,
11,10900,"Crochet, Garrett",BOS,P,11.88,6,14,,26,,
12,11025,"Carroll, Corbin",ARZ,OF,12.92,7,18,,26,,
13,11108,"Henderson, Gunnar",BAL,SS,13.31,9,18,,26,,
14,9787,"Tucker, Kyle",LAD,OF,13.69,9,17,,26,,
15,9948,"Tatis Jr., Fernando",SD,OF,14.31,11,19,,26,,
16,11875,"Caminero, Junior",TB,3B,16.62,7,22,,26,,
17,9785,"Guerrero Jr., Vladimir",TOR,1B,17.58,11,23,,26,,
18,10866,"Raleigh, Cal",SEA,C,19.19,12,29,,26,,
19,10231,"Chisholm Jr., Jazz",NYY,"2B, 3B",20.81,17,27,,26,,
20,11738,"Chourio, Jackson",MLW,OF,20.92,15,28,,26,,
21,11787,"Miller, Mason",SD,P,22.46,15,35,,26,,
22,10770,"Sanchez, Cristopher",PHI,P,22.88,15,30,,26,,
23,8226,"Lindor, Francisco",NYM,SS,23.46,17,30,,26,,
24,12222,"Kurtz, Nick",ATH,1B,24.35,19,39,,26,,
25,11883,"Yamamoto, Yoshinobu",LAD,P,25.77,16,34,,26,,
26,8940,"Schwarber, Kyle",PHI,UT,26.46,16,39,,26,,
27,9376,"Diaz, Edwin",LAD,P,26.81,16,38,,26,,
28,10312,"Alonso, Pete",BAL,1B,27.5,18,40,,26,,
29,9132,"Turner, Trea",PHI,SS,28.23,19,39,,26,,
30,11982,"Smith, Cade",CLE,P,31.54,25,44,,26,,
31,10134,"Munoz, Andres",SEA,P,32.38,19,42,,26,,
32,11864,"Crow-Armstrong, Pete",CHC,OF,32.54,21,49,,26,,
33,11435,"Brown, Hunter",HOU,P,33.42,27,44,,26,,
34,10239,"Duran, Jhoan",PHI,P,33.88,24,40,,26,,
35,10712,"Gilbert, Logan",SEA,P,36.73,24,44,,26,,
36,7887,"Sale, Chris",ATL,P,37.5,30,46,,26,,
37,11800,"Woo, Bryan",SEA,P,37.81,31,47,,26,,
38,11881,"Langford, Wyatt",TEX,OF,37.88,24,49,,26,,
39,11741,"Neto, Zach",LAA,SS,38.15,27,57,,26,,
40,10367,"Alvarez, Yordan",HOU,UT,39.62,24,52,,26,,
41,9112,"Marte, Ketel",ARZ,2B,39.81,28,55,,26,,
42,7891,"Machado, Manny",SD,3B,43.88,31,59,,26,,
43,10681,"Bednar, David",NYY,P,44.5,37,58,,26,,
44,10149,"Rooker, Brent",ATH,OF,45.81,31,55,,26,,
45,11750,"Wood, James",WAS,OF,46.58,27,62,,26,,
46,10665,"Williams, Devin",NYM,P,47.69,35,72,,26,,
47,8704,"Fried, Max",NYY,P,48.19,37,67,,26,,
48,8784,"deGrom, Jacob",TEX,P,48.42,31,69,,26,,
49,10166,"Ragans, Cole",KC,P,50.23,40,64,,26,,
50,10480,"Webb, Logan",SF,P,51.46,38,62,,26,,
51,10845,"Langeliers, Shea",ATH,C,51.65,45,61,,26,,
52,8690,"Olson, Matt",ATL,1B,52.04,35,63,,26,,
53,7885,"Harper, Bryce",PHI,1B,52.08,33,68,,26,,
54,10364,"Contreras, William",MLW,C,53.96,43,71,,26,,
55,7709,"Chapman, Aroldis",BOS,P,54.27,41,74,,26,,
56,9915,"Peralta, Freddy",NYM,P,54.81,40,67,,26,,
57,11948,"Anthony, Roman",BOS,OF,55.77,42,71,,26,,
58,10151,"Turang, Brice",MLW,2B,58.65,46,69,,26,,
59,11911,"Rice, Ben",NYY,"C, 1B",60.92,45,82,,26,,
60,9821,"Riley, Austin",ATL,3B,61.69,33,80,,26,,
61,10874,"Kirby, George",SEA,P,62.73,50,74,,26,,
62,11045,"Abrams, CJ",WAS,SS,64.88,44,84,,26,,
63,11387,"Garcia, Maikel",KC,3B,65.12,46,89,,26,,
64,9708,"Devers, Rafael",SF,1B,65.27,49,81,,26,,
65,10235,"Luzardo, Jesus",PHI,P,66.96,59,76,,26,,
66,11848,"Goodman, Hunter",COL,C,67.27,45,86,,26,,
67,10824,"Duran, Jarren",BOS,OF,67.27,54,82,,26,,
68,10786,"Ryan, Joe",MIN,P,67.5,58,78,,26,,
69,8638,"Betts, Mookie",LAD,SS,68.62,56,85,,26,,
70,7793,"Freeman, Freddie",LAD,1B,70.31,57,87,,26,,
71,10191,"Cease, Dylan",TOR,P,72.42,57,85,,26,,
72,10255,"Naylor, Josh",SEA,1B,73.15,48,90,,26,,
73,10321,"Helsley, Ryan",BAL,P,74.23,54,91,,26,,
74,11099,"Bradish, Kyle",BAL,P,74.69,59,89,,26,,
75,11591,"Perez, Eury",MIA,P,76.58,50,90,,26,,
76,10822,"Greene, Riley",DET,OF,77.46,60,96,,26,,
77,10083,"Valdez, Framber",DET,P,77.54,64,90,,26,,
78,8674,"Buxton, Byron",MIN,OF,77.58,58,93,,26,,
79,11821,"Palencia, Daniel",CHC,P,77.85,58,99,,26,,
80,11891,"Merrill, Jackson",SD,OF,79.54,35,101,,26,,
81,12203,"Baldwin, Drake",ATL,C,79.58,62,89,,26,,
82,10397,"Perdomo, Geraldo",ARZ,SS,80.88,49,101,,26,,
83,11415,"Pasquantino, Vinnie",KC,1B,81.5,56,97,,26,,
84,9649,"Bellinger, Cody",NYY,OF,84.15,75,98,,26,,
85,8981,"Iglesias, Raisel",ATL,P,85.77,52,118,,26,,
86,12443,"McLean, Nolan",NYM,P,87.58,70,101,,26,,
87,8975,"Hoffman, Jeff",TOR,P,87.58,50,110,,26,,
88,11985,"Ramirez, Agustin",MIA,C,88.08,56,110,,26,,
89,11071,"Soderstrom, Tyler",ATH,"OF, 1B",88.46,70,113,,26,,
90,10671,"Arozarena, Randy",SEA,OF,90.08,78,102,,26,,
91,8134,"Perez, Salvador",KC,"C, 1B",91.23,62,110,,26,,
92,9570,"Pivetta, Nick",SD,P,91.62,75,111,,26,,
93,10363,"Smith, Will",LAD,C,95.19,81,108,,26,,
94,9820,"Bichette, Bo",NYM,SS,95.35,81,107,,26,,
95,10305,"Cruz, Oneil",PIT,OF,95.54,76,114,,26,,
96,11065,"Harris II, Michael",ATL,OF,98.46,84,111,,26,,
97,8805,"Suarez, Eugenio",CIN,3B,99.04,80,114,,26,,
98,10634,"Fairbanks, Pete",MIA,P,100.5,86,130,,26,,
99,10302,"Hoerner, Nico",CHC,2B,100.77,70,120,,26,,
100,8433,"Springer, George",TOR,OF,100.81,85,116,,26,,
101,9652,"Pagan, Emilio",CIN,P,103.46,51,131,,26,,
102,9492,"Hader, Josh",HOU,P,103.46,74,132,,26,,
103,8668,"Seager, Corey",TEX,SS,105.58,90,131,,26,,
104,8700,"Glasnow, Tyler",LAD,P,107.88,88,127,,26,,
105,8427,"Gausman, Kevin",TOR,P,109.62,92,128,,26,,
106,11048,"Busch, Michael",CHC,1B,109.85,86,132,,26,,
107,8658,"Story, Trevor",BOS,SS,110.5,94,133,,26,,
108,9294,"Estevez, Carlos",KC,P,111.81,65,190,,26,,
109,12361,"Schlittler, Cam",NYY,P,113.04,93,133,,26,,
110,11811,"Sheehan, Emmet",LAD,P,114.58,93,150,,26,,
111,9958,"Robert Jr., Luis",NYM,OF,115.19,100,128,,26,,
112,11894,"Misiorowski, Jacob",MLW,P,115.54,68,145,,26,,
113,11309,"Pena, Jeremy",HOU,SS,115.77,88,149,,26,,
114,7931,"Jansen, Kenley",DET,P,117.15,86,149,,26,,
115,9415,"Bregman, Alex",CHC,3B,118.96,93,148,,26,,
116,8235,"Wheeler, Zack",PHI,P,121.12,88,161,,26,,
117,11559,"Diaz, Yainer",HOU,C,121.69,97,144,,26,,
118,11628,"Rafaela, Ceddanne",BOS,"2B, OF",123.12,107,168,,26,,
119,10241,"Adell, Jo",LAA,OF,123.58,102,139,,26,,
120,10804,"Megill, Trevor",MLW,P,123.81,71,203,,26,,
121,11794,"Walker, Ryan",SF,P,124.96,101,156,,26,,
122,9428,"Hernandez, Teoscar",LAD,OF,125,111,153,,26,,
123,12193,"Burns, Chase",CIN,P,125.12,98,173,,26,,
124,12228,"Keaschall, Luke",MIN,2B,125.38,109,159,,26,,
125,8546,"Gray, Sonny",BOS,P,126.04,97,151,,26,,
126,8116,"Altuve, Jose",HOU,"OF, 2B",127.42,98,151,,26,,
127,10807,"Rasmussen, Drew",TB,P,130.69,93,179,,26,,
128,8971,"Adames, Willy",SF,SS,131.35,107,173,,26,,
129,11613,"McLain, Matt",CIN,2B,131.38,106,177,,26,,
130,11305,"Suzuki, Seiya",CHC,OF,131.42,104,188,,26,,
131,7903,"Yelich, Christian",MLW,UT,132.31,103,156,,26,,
132,9917,"Santana, Dennis",PIT,P,132.81,104,166,,26,,
133,9639,"Diaz, Yandy",TB,1B,133.65,100,156,,26,,
134,8130,"Eovaldi, Nathan",TEX,P,134.42,103,157,,26,,
135,11059,"Pepiot, Ryan",TB,P,135.58,100,205,,26,,
136,11300,"Strider, Spencer",ATL,P,135.62,87,232,,26,,
137,10964,"Lodolo, Nick",CIN,P,137.31,95,216,,26,,
138,10289,"King, Michael",SD,P,139.19,117,180,,26,,
139,11682,"Pages, Andy",LAD,OF,140.27,113,163,,26,,
140,9432,"Swanson, Dansby",CHC,SS,140.65,93,158,,26,,
141,11939,"Marsee, Jakob",MIA,OF,140.77,108,160,,26,,
142,11218,"Jax, Griffin",TB,P,142.46,121,170,,26,,
143,9678,"Woodruff, Brandon",MLW,P,144.31,93,198,,26,,
144,8955,"Nimmo, Brandon",TEX,OF,148.54,120,176,,26,,
145,10419,"Marte, Noelvi",CIN,"OF, 3B",148.73,115,180,,26,,
146,11664,"Uribe, Abner",MLW,P,149.12,98,190,,26,,
147,11590,"Williams, Gavin",CLE,P,150.92,121,179,,26,,
148,10704,"Rutschman, Adley",BAL,C,151.04,123,200,,26,,
149,10351,"Rogers, Trevor",BAL,P,151.35,121,175,,26,,
150,12035,"Chandler, Bubba",PIT,P,151.46,123,188,,26,,
151,9754,"Alcantara, Sandy",MIA,P,153.27,113,173,,26,,
152,10076,"Ward, Taylor",BAL,OF,154.27,121,173,,26,,
153,12039,"Basallo, Samuel",BAL,C,155,116,193,,26,,
154,11884,"Imanaga, Shota",CHC,P,155.73,122,189,,26,,
155,8775,"Ray, Robbie",SF,P,159.31,124,209,,26,,
156,10851,"Kirk, Alejandro",TOR,C,160.19,108,184,,26,,
157,11653,"Doyle, Brenton",COL,OF,160.85,135,182,,26,,
158,9506,"Castillo, Luis",SEA,P,161.62,136,212,,26,,
159,12211,"Caglianone, Jac",KC,OF,161.88,125,202,,26,,
160,12471,"Imai, Tatsuya",HOU,P,162.12,136,192,,26,,
161,9721,"Albies, Ozzie",ATL,2B,162.77,139,201,,26,,
162,11649,"Butler, Lawrence",ATH,OF,163.19,132,193,,26,,
163,12453,"Stewart, Sal",CIN,1B,166.04,136,192,,26,,
164,11118,"Alvarez, Francisco",NYM,C,166.5,139,210,,26,,
165,12212,"Simpson, Chandler",TB,OF,166.65,83,222,,26,,
166,9683,"Chapman, Matt",SF,3B,168.12,132,201,,26,,
167,10365,"Edwards, Xavier",MIA,"2B, SS",169.35,111,206,,26,,
168,10381,"Abreu, Bryan",HOU,P,169.54,137,200,,26,,
169,9973,"Gore, MacKenzie",TEX,P,171.88,127,198,,26,,
170,11886,"Horton, Cade",CHC,P,172.04,140,194,,26,,
171,11086,"Stott, Bryson",PHI,2B,172.77,145,203,,26,,
172,11315,"Kwan, Steven",CLE,OF,172.81,150,194,,26,,
173,11421,"Burleson, Alec",STL,"1B, OF",173.81,135,204,,26,,
174,9838,"Dominguez, Seranthony",CWS,P,174.46,134,241,,26,,
175,12127,"Wilson, Jacob",ATH,SS,174.73,150,210,,26,,
176,10332,"McClanahan, Shane",TB,P,177.65,113,228,,26,,
177,11346,"Tovar, Ezequiel",COL,SS,178.92,136,217,,26,,
178,10180,"Varsho, Daulton",TOR,OF,181.81,140,215,,26,,
179,9655,"Happ, Ian",CHC,OF,181.85,158,210,,26,,
180,10331,"Baz, Shane",BAL,P,182.12,152,207,,26,,
181,9840,"Suarez, Ranger",BOS,P,183.08,151,210,,26,,
182,11117,"Moreno, Gabriel",ARZ,C,183.62,159,223,,26,,
183,9328,"Snell, Blake",LAD,P,183.92,103,294,,26,,
184,11407,"Suarez, Robert",ATL,P,184,121,243,,26,,
185,9263,"Contreras, Willson",BOS,1B,184.15,158,212,,26,,
186,10721,"Cabrera, Edward",CHC,P,185.35,147,231,,26,,
187,11595,"Bibee, Tanner",CLE,P,185.62,155,203,,26,,
188,12456,"Jensen, Carter",KC,C,186.85,131,217,,26,,
189,10068,"Lowe, Brandon",PIT,2B,186.92,155,229,,26,,
190,11414,"Stowers, Kyle",MIA,OF,187.12,106,301,,26,,
191,10220,"Herrera, Ivan",STL,UT,188.62,149,235,,26,,
192,12469,"Griffin, Konnor",PIT,SS,189.35,101,277,,26,,
193,8942,"Rodon, Carlos",NYY,P,193.19,118,229,,26,,
194,11596,"Barger, Addison",TOR,"3B, OF",194.15,165,224,,26,,
195,10831,"Torkelson, Spencer",DET,1B,195,157,234,,26,,
196,11394,"Aranda, Jonathan",TB,1B,196.38,156,239,,26,,
197,7689,"Trout, Mike",LAA,OF,196.73,138,240,,26,,
198,11751,"Holliday, Jackson",BAL,2B,196.77,154,309,,26,,
199,10933,"Bubic, Kris",KC,P,198.73,165,252,,26,,
200,10319,"Lewis, Royce",MIN,3B,202.04,169,233,,26,,
201,8961,"Nola, Aaron",PHI,P,202.54,157,255,,26,,
202,11823,"Garcia, Robert",TEX,P,203.54,154,259,,26,,
203,12490,"Okamoto, Kazuma",TOR,3B,206.27,148,237,,26,,
204,9087,"Boyd, Matthew",CHC,P,206.54,156,238,,26,,
205,10153,"Reynolds, Bryan",PIT,OF,206.96,180,249,,26,,
206,8800,"Realmuto, J.T.",PHI,C,207.5,115,242,,26,,
207,11786,"Caballero, Jose",NYY,"OF, 2B, 3B, SS",208.88,145,240,,26,,
208,10422,"Lopez, Otto",MIA,"SS, 2B",209.62,181,235,,26,,
209,12204,"Durbin, Caleb",BOS,3B,209.69,181,230,,26,,
210,9750,"Flaherty, Jack",DET,P,210.23,176,248,,26,,
211,12470,"McGonigle, Kevin",DET,SS,210.23,171,263,,26,,
212,11709,"Abreu, Wilyer",BOS,OF,210.73,181,242,,26,,
213,12364,"Lile, Daylen",WAS,OF,211.19,148,260,,26,,
214,12463,"Yesavage, Trey",TOR,P,211.92,133,296,,26,,
215,8924,"Walker, Christian",HOU,1B,212.19,163,261,,26,,
216,11581,"Frelick, Sal",MLW,OF,213,180,248,,26,,
217,12351,"Murakami, Munetaka",CWS,3B,213.38,170,250,,26,,
218,8832,"Polanco, Jorge",NYM,2B,215,174,251,,26,,
219,9964,"Garcia, Adolis",PHI,OF,217.19,187,259,,26,,
220,12302,"Wetherholt, JJ",STL,SS,217.19,172,245,,26,,
221,10213,"Ramos, Heliot",SF,OF,219.12,194,242,,26,,
222,8231,"Cole, Gerrit",NYY,P,220.69,134,268,,26,,
223,11802,"Abbott, Andrew",CIN,P,222.27,175,250,,26,,
224,9944,"Gallen, Zac",ARZ,P,223,183,253,,26,,
225,11182,"Senga, Kodai",NYM,P,223.92,188,251,,26,,
226,8417,"Bogaerts, Xander",SD,SS,224.27,198,263,,26,,
227,10920,"Dingler, Dillon",DET,C,226.81,200,284,,26,,
228,9919,"Laureano, Ramon",SD,OF,229.12,170,266,,26,,
229,11599,"Wells, Austin",NYY,C,229.19,199,256,,26,,
230,8691,"Muncy, Max",LAD,3B,230.85,195,267,,26,,
231,12084,"Beck, Jordan",COL,OF,231.81,197,262,,26,,
232,10218,"Paredes, Isaac",HOU,3B,233.77,150,314,,26,,
233,11075,"O'Hoppe, Logan",LAA,C,234.04,205,274,,26,,
234,11530,"Carpenter, Kerry",DET,OF,235.04,201,281,,26,,
235,11901,"Teel, Kyle",CWS,C,235.46,179,312,,26,,
236,11892,"Montgomery, Colson",CWS,SS,235.77,151,309,,26,,
237,10125,"Bohm, Alec",PHI,3B,239.69,173,284,,26,,
238,11327,"Leiter, Jack",TEX,P,242.35,207,280,,26,,
239,10774,"Ponce, Cody",TOR,P,243.08,196,274,,26,,
240,11619,"Burrows, Mike",HOU,P,243.31,216,273,,26,,
241,10224,"Burger, Jake",TEX,1B,243.69,216,285,,26,,
242,9778,"Torres, Gleyber",DET,2B,243.69,212,279,,26,,
243,9856,"Castro, Willi",COL,"2B, 3B, OF",243.77,211,271,,26,,
244,11999,"Ashcraft, Braxton",PIT,P,243.85,202,281,,26,,
245,11326,"Nelson, Ryne",ARZ,P,247.77,223,279,,26,,
246,10358,"Stephenson, Tyler",CIN,C,248.92,221,288,,26,,
247,10279,"Garcia Jr., Luis",WAS,2B,251.12,221,287,,26,,
248,12303,"Crawford, Justin",PHI,OF,251.27,226,279,,26,,
249,8602,"Semien, Marcus",NYM,2B,251.96,213,319,,26,,
250,9784,"Moniak, Mickey",COL,OF,253,215,289,,26,,
251,10788,"Vaughn, Andrew",MLW,1B,253.96,203,298,,26,,
252,11600,"Manzardo, Kyle",CLE,1B,255.19,194,309,,26,,
253,10946,"Jeffers, Ryan",MIN,C,255.31,216,340,,26,,
254,11162,"O'Brien, Riley",STL,P,256.46,191,307,,26,,
255,10325,"Weathers, Ryan",NYY,P,257.04,208,283,,26,,
256,12459,"Early, Connelly",BOS,P,257.15,171,354,,26,,
257,11357,"Donovan, Brendan",SEA,2B,257.15,216,286,,26,,
258,11609,"Cowser, Colton",BAL,OF,258.46,213,300,,26,,
259,12305,"Smith, Shane",CWS,P,260.88,230,297,,26,,
260,11439,"Lawlar, Jordan",ARZ,3B,260.92,239,320,,26,,
261,11921,"Shaw, Matt",CHC,3B,261.5,199,320,,26,,
262,10481,"Arraez, Luis",SF,1B,263.04,228,299,,26,,
263,10658,"Grisham, Trent",NYY,OF,263.19,218,308,,26,,
264,7789,"Stanton, Giancarlo",NYY,OF,268.65,220,311,,26,,
265,11922,"Crews, Dylan",WAS,OF,268.73,173,419,,26,,
266,10344,"Friedl, TJ",CIN,OF,269.38,240,300,,26,,
267,10417,"Vargas, Miguel",CWS,"1B, 3B",271.73,247,316,,26,,
268,11123,"Baty, Brett",NYM,"2B, 3B",272.38,243,325,,26,,
269,10899,"Winn, Masyn",STL,SS,273.23,220,328,,26,,
270,11898,"Warren, Will",NYY,P,273.31,237,309,,26,,
271,8656,"Correa, Carlos",HOU,"3B, SS",273.96,187,319,,26,,
272,10401,"Cantillo, Joey",CLE,P,276.85,246,309,,26,,
273,9824,"O'Hearn, Ryan",PIT,"1B, OF",277.04,236,312,,26,,
274,10254,"Lowe, Josh",LAA,OF,277.5,241,302,,26,,
275,11919,"DeLauter, Chase",CLE,OF,278.27,214,323,,26,,
276,8808,"Yates, Kirby",LAA,P,283.38,204,447,,26,,
277,10159,"Mize, Casey",DET,P,284.54,228,337,,26,,
278,12012,"Narvaez, Carlos",BOS,C,285.23,241,338,,26,,
279,10506,"Kelly, Merrill",ARZ,P,285.46,239,370,,26,,
280,11903,"Lee, Jung Hoo",SF,OF,285.62,241,318,,26,,
281,10925,"Clement, Ernie",TOR,"2B, 3B, SS",286.27,193,338,,26,,
282,11556,"Steer, Spencer",CIN,1B,287.81,222,349,,26,,
283,12480,"Benge, Carson",NYM,OF,287.96,235,343,,26,,
284,11187,"Soriano, Jose",LAA,P,289.19,240,364,,26,,
285,10072,"Mullins, Cedric",TB,OF,289.96,240,316,,26,,
286,10143,"Naylor, Bo",CLE,C,290.38,236,382,,26,,
287,12201,"Cameron, Noah",KC,P,290.58,242,353,,26,,
288,10971,"Cavalli, Cade",WAS,P,291.08,247,339,,26,,
289,11585,"Painter, Andrew",PHI,P,292.04,256,342,,26,,
290,11753,"Carter, Evan",TEX,OF,292.15,262,322,,26,,
291,10832,"Meyer, Max",MIA,P,293.5,238,348,,26,,
292,10133,"Gimenez, Andres",TOR,2B,293.81,259,333,,26,,
293,11576,"Wallner, Matt",MIN,OF,293.85,243,319,,26,,
294,12259,"Patrick, Chad",MLW,P,294.62,268,339,,26,,
295,11106,"Beeter, Clayton",WAS,P,295.96,194,414,,26,,
296,8478,"Ozuna, Marcell",PIT,UT,295.96,245,327,,26,,
297,11940,"Sasaki, Roki",LAD,P,296.15,233,424,,26,,
298,12215,"Messick, Parker",CLE,P,297.15,253,339,,26,,
299,11749,"Dominguez, Jasson",NYY,OF,303.85,173,385,,26,,
300,12191,"Quero, Edgar",CWS,C,305.38,246,362,,26,,
301,12331,"Smith, Cam",HOU,OF,306.5,272,353,,26,,
302,11632,"Abel, Mick",MIN,P,306.54,260,364,,26,,
303,10287,"Liberatore, Matthew",STL,P,306.69,240,356,,26,,
304,9555,"Holmes, Clay",NYM,P,308.38,238,395,,26,,
305,9642,"Sewald, Paul",ARZ,P,312.08,248,462,,26,,
306,9452,"Kelly, Carson",CHC,C,313.19,264,380,,26,,
307,9742,"Mahle, Tyler",SF,P,315.35,236,387,,26,,
308,11844,"Schanuel, Nolan",LAA,1B,316.42,278,370,,26,,
309,11501,"Sosa, Lenyn",CWS,"1B, 2B",316.96,276,357,,26,,
310,10145,"Singer, Brady",CIN,P,317.27,245,366,,26,,
311,11441,"Smith, Josh",TEX,"1B, 3B, SS",318.31,277,388,,26,,
312,11947,"Scott II, Victor",STL,OF,320,258,383,,26,,
313,11825,"Keith, Colt",DET,"2B, 3B",321.27,261,411,,26,,
314,9379,"Eflin, Zach",BAL,P,321.77,264,387,,26,,
315,10061,"McNeil, Jeff",ATH,"2B, OF",322.73,292,364,,26,,
316,11636,"Miller, Bryce",SEA,P,326.81,259,389,,26,,
317,11186,"Vest, Will",DET,P,328.27,160,467,,26,,
318,10915,"Detmers, Reid",LAA,P,328.65,271,418,,26,,
319,10038,"Bieber, Shane",TOR,P,328.92,232,445,,26,,
320,11778,"Canzone, Dominic",SEA,OF,331.04,280,402,,26,,
321,9710,"Bader, Harrison",SF,OF,331.58,288,397,,26,,
322,11740,"Lee, Brooks",MIN,"2B, 3B, SS",331.69,290,396,,26,,
323,9248,"Musgrove, Joe",SD,P,331.96,248,420,,26,,
324,9410,"Lopez, Reynaldo",ATL,P,332.19,272,401,,26,,
325,10980,"Jung, Josh",TEX,3B,334.58,272,392,,26,,
326,10236,"Sanchez, Jesus",TOR,OF,337.19,301,386,,26,,
327,9763,"Hays, Austin",CWS,OF,338.46,292,402,,26,,
328,11614,"Acuna, Luisangel",CWS,2B,338.81,290,406,,26,,
329,11597,"Harrison, Kyle",MLW,P,339.35,288,388,,26,,
330,11889,"Mayo, Coby",BAL,1B,340,271,399,,26,,
331,12227,"Meidroth, Chase",CWS,"2B, SS",341.08,274,385,,26,,
332,11362,"Bello, Brayan",BOS,P,342.31,296,463,,26,,
333,9789,"O'Neill, Tyler",BAL,OF,342.46,290,410,,26,,
334,8962,"Bell, Josh",MIN,1B,344.08,271,394,,26,,
335,9799,"Keller, Mitch",PIT,P,345.19,298,420,,26,,
336,8879,"Bassitt, Chris",BAL,P,345.62,266,407,,26,,
337,10226,"McCarthy, Jake",COL,OF,345.81,259,414,,26,,
338,11841,"Lopez, Jacob",ATH,P,345.88,308,422,,26,,
339,9993,"McKinstry, Zach",DET,"3B, SS, OF",346.5,282,404,,26,,
340,9262,"Caratini, Victor",MIN,C,346.88,251,398,,26,,
341,12359,"Taylor, Grant",CWS,P,347.31,296,440,,26,,
342,12010,"Nunez, Nasim",WAS,SS,347.5,281,457,,26,,
343,10760,"Gil, Luis",NYY,P,347.85,277,458,,26,,
344,10146,"Marsh, Brandon",PHI,OF,348.23,307,381,,26,,
345,11325,"Volpe, Anthony",NYY,SS,349.85,286,411,,26,,
346,10181,"Peterson, David",NYM,P,351.12,299,414,,26,,
347,10438,"Kikuchi, Yusei",LAA,P,352.54,254,438,,26,,
348,10468,"Holmes, Grant",ATL,P,353.65,289,420,,26,,
349,10885,"Walker, Jordan",STL,OF,354.96,302,457,,26,,
350,11861,"Vodnik, Victor",COL,P,355.19,252,476,,26,,
351,9312,"Lugo, Seth",KC,P,356.27,275,416,,26,,
352,10248,"India, Jonathan",KC,"OF, 3B, 2B",358.54,309,395,,26,,
353,10189,"May, Dustin",STL,P,358.85,291,407,,26,,
354,12238,"Henderson, Logan",MLW,P,359.12,275,445,,26,,
355,8666,"Manaea, Sean",NYM,P,359.92,238,480,,26,,
356,12050,"Caissie, Owen",MIA,OF,360.38,308,423,,26,,
357,11836,"Cecconi, Slade",CLE,P,363.58,305,419,,26,,
358,11934,"Mayer, Marcelo",BOS,3B,364.77,227,442,,26,,
359,8331,"Soler, Jorge",LAA,OF,364.96,328,415,,26,,
360,8426,"Wacha, Michael",KC,P,366.85,295,441,,26,,
361,11586,"Pfaadt, Brandon",ARZ,P,367.12,285,447,,26,,
362,12226,"Beavers, Dylan",BAL,OF,367.19,283,464,,26,,
363,7886,"Taillon, Jameson",CHC,P,367.35,266,474,,26,,
364,11588,"Bradley, Taj",MIN,P,368,306,443,,26,,
365,11060,"Uceta, Edwin",TB,P,368.04,239,489,,26,,
366,12198,"Sproat, Brandon",MLW,P,369,305,449,,26,,
367,11514,"Fermin, Freddy",SD,C,369.27,291,448,,26,,
368,8223,"Arenado, Nolan",ARZ,3B,369.35,321,408,,26,,
369,9921,"Erceg, Lucas",KC,P,369.85,268,461,,26,,
370,10717,"Javier, Cristian",HOU,P,370.58,326,443,,26,,
371,11907,"Snelling, Robby",MIA,P,375.19,301,466,,26,,
372,12266,"Svanson, Matt",STL,P,375.62,241,453,,26,,
373,11420,"Seymour, Ian",TB,P,375.85,281,467,,26,,
374,9225,"Rogers, Taylor",MIN,P,376.58,287,512,,26,,
375,12067,"Mangum, Jake",PIT,OF,379.77,288,461,,26,,
376,10263,"Ruiz, Keibert",WAS,C,379.92,273,470,,26,,
377,10303,"Gorman, Nolan",STL,"3B, 2B",380.04,340,439,,26,,
378,9609,"Rengifo, Luis",MLW,"2B, 3B",381.35,343,432,,26,,
379,12217,"Ballesteros, Moises",CHC,UT,381.38,306,442,,26,,
380,10792,"Finnegan, Kyle",DET,P,382.08,318,476,,26,,
381,10204,"Sheets, Gavin",SD,OF,382.69,334,433,,26,,
382,10769,"Cleavinger, Garrett",TB,P,382.77,298,483,,26,,
383,11190,"Whitlock, Garrett",BOS,P,384.12,278,467,,26,,
384,12179,"Collins, Isaac",KC,OF,385.5,324,470,,26,,
385,6837,"Scherzer, Max",TOR,P,386.5,294,444,,26,,
386,11553,"Estrada, Jeremiah",SD,P,386.65,271,472,,26,,
387,10216,"Greene, Hunter",CIN,P,387.81,285,488,,26,,
388,10528,"Romero, JoJo",STL,P,387.85,272,485,,26,,
389,10626,"Yastrzemski, Mike",ATL,OF,387.96,297,468,,26,,
390,12301,"Muncy, Max",ATH,"2B, 3B",391.15,312,435,,26,,
391,8958,"Severino, Luis",ATH,P,392.31,333,461,,26,,
392,10335,"Woods Richardson, Simeon",MIN,P,393.65,330,511,,26,,
393,10892,"Oviedo, Johan",BOS,P,393.65,312,531,,26,,
394,10207,"Rodriguez, Grayson",LAA,P,393.85,271,541,,26,,
395,11603,"Norby, Connor",MIA,3B,394.54,275,486,,26,,
396,9475,"Gurriel Jr., Lourdes",ARZ,OF,394.77,331,464,,26,,
397,8221,"Castellanos, Nick",SD,OF,395.96,333,442,,26,,
398,11668,"Triolo, Jared",PIT,"1B, 3B, SS",396.42,339,442,,26,,
399,12415,"Fuentes, Didier",ATL,P,397.42,251,519,,26,,
400,11147,"Kim, Ha-Seong",ATL,SS,400,315,476,,26,,
401,10569,"Edman, Tommy",LAD,"2B, OF",402.92,319,496,,26,,
402,11933,"Lowder, Rhett",CIN,P,403.46,328,462,,26,,
403,10766,"Cronenworth, Jake",SD,2B,403.77,303,478,,26,,
404,12241,"Clarke, Denzel",ATH,OF,404.65,327,498,,26,,
405,10477,"Steele, Justin",CHC,P,405.96,291,504,,26,,
406,11159,"Ober, Bailey",MIN,P,406.77,317,496,,26,,
407,9417,"Benintendi, Andrew",CWS,OF,409.27,335,453,,26,,
408,10446,"Thomas, Lane",KC,OF,409.5,321,500,,26,,
409,9726,"McMahon, Ryan",NYY,3B,409.54,296,501,,26,,
410,12148,"Matthews, Zebby",MIN,P,410.88,274,547,,26,,
411,11625,"Ortiz, Joey",MLW,SS,410.92,357,473,,26,,
412,9791,"Soroka, Michael",ARZ,P,413.54,350,509,,26,,
413,11434,"Horwitz, Spencer",PIT,1B,414.15,334,476,,26,,
414,12249,"Young, Cole",SEA,2B,420.92,344,536,,26,,
415,10290,"Amaya, Miguel",CHC,C,421.38,316,494,,26,,
416,10282,"Vientos, Mark",NYM,3B,422.15,358,561,,26,,
417,11342,"Clemens, Kody",MIN,"OF, 2B, 1B",422.15,361,493,,26,,
418,12452,"Tolle, Payton",BOS,P,423.65,332,484,,26,,
419,9795,"Jansen, Danny",TEX,C,424.35,365,490,,26,,
420,11893,"Jones, Jared",PIT,P,424.58,318,541,,26,,
421,11650,"Harris, Hogan",ATH,P,425.04,355,509,,26,,
422,11204,"Mitchell, Garrett",MLW,OF,426.04,379,508,,26,,
423,9772,"Scott, Tanner",LAD,P,426.73,324,522,,26,,
424,11634,"Roupp, Landen",SF,P,426.85,377,494,,26,,
425,9725,"Hoskins, Rhys",CLE,1B,426.92,373,486,,26,,
426,9860,"Littell, Zack",WAS,P,427.04,340,481,,26,,
427,11102,"Bailey, Patrick",SF,C,427.27,358,517,,26,,
428,5420,"Verlander, Justin",DET,P,427.5,364,479,,26,,
429,12024,"Williams, Carson",TB,SS,428.35,358,552,,26,,
430,10067,"Springs, Jeffrey",ATH,P,429.5,337,518,,26,,
431,10999,"Meyers, Jake",HOU,OF,431.65,360,493,,26,,
432,9523,"Andujar, Miguel",SD,"3B, OF",432.69,405,475,,26,,
433,9765,"Robles, Victor",SEA,OF,434.96,352,511,,26,,
434,11926,"House, Brady",WAS,3B,435.58,384,539,,26,,
435,12202,"Eldridge, Bryce",SF,UT,437.42,348,518,,26,,
436,11937,"Ford, Harry",WAS,C,439.12,296,534,,26,,
437,12097,"Sterner, Justin",ATH,P,439.31,304,611,,26,,
438,10379,"Rocchio, Brayan",CLE,"2B, SS",439.35,386,499,,26,,
439,10350,"Larnach, Trevor",MIN,OF,440.81,381,491,,26,,
440,11131,"Priester, Quinn",MLW,P,441.04,318,565,,26,,
441,12124,"Wrobleski, Justin",LAD,P,442.27,337,494,,26,,
442,12190,"Rushing, Dalton",LAD,C,445.46,317,515,,26,,
443,12028,"Leasure, Jordan",CWS,P,447,338,595,,26,,
444,12479,"Emerson, Colt",SEA,SS,448.27,381,550,,26,,
445,10327,"Murphy, Sean",ATL,C,448.85,305,532,,26,,
446,8768,"Martin, Chris",TEX,P,449.54,239,559,,26,,
447,11822,"Leahy, Kyle",STL,P,452.15,414,537,,26,,
448,8643,"Baez, Javier",DET,"3B, SS, OF",453,365,525,,26,,
449,12502,"Baez, Joshua",STL,OF,454.5,390,511,,26,,
450,11610,"Westburg, Jordan",BAL,3B,454.77,353,585,,26,,
451,12626,"Rumfield, TJ",COL,1B,455.65,333,609,,26,,
452,9802,"Dubon, Mauricio",ATL,"2B, 3B, SS, OF",456,394,523,,26,,
453,12344,"Tong, Jonah",NYM,P,460.73,386,542,,26,,
454,8694,"Crawford, J.P.",SEA,SS,461.31,360,564,,26,,
455,12137,"McGreevy, Michael",STL,P,461.31,395,560,,26,,
456,12183,"Rocker, Kumar",TEX,P,463.08,376,553,,26,,
457,10694,"Kay, Anthony",CWS,P,465.62,345,590,,26,,
458,10662,"Ginkel, Kevin",ARZ,P,466.42,293,610,,26,,
459,11910,"Ryan, River",LAD,P,466.54,396,550,,26,,
460,8689,"Matz, Steven",TB,P,466.96,383,547,,26,,
461,8632,"Rodriguez, Eduardo",ARZ,P,467.12,363,545,,26,,
462,11105,"Doval, Camilo",NYY,P,467.77,421,535,,26,,
463,10024,"Lauer, Eric",TOR,P,469.81,301,607,,26,,
464,9430,"Weaver, Luke",NYM,P,470.46,398,551,,26,,
465,10307,"Meadows, Parker",DET,OF,472.31,413,552,,26,,
466,11943,"Hicks, Liam",MIA,"1B, C",473,368,538,,26,,
467,10123,"Morejon, Adrian",SD,P,474.27,337,555,,26,,
468,12434,"Morales, Luis",ATH,P,474.62,356,603,,26,,
469,10309,"Smith, Pavin",ARZ,1B,475.15,430,535,,26,,
470,9175,"Houser, Adrian",SF,P,475.69,394,569,,26,,
471,12477,"Waldschmidt, Ryan",ARZ,OF,480.42,373,556,,26,,
472,11154,"Morel, Christopher",MIA,OF,482.04,376,598,,26,,
473,10880,"Pages, Pedro",STL,C,482.04,406,566,,26,,
474,8724,"Giolito, Lucas",BOS,P,482.08,370,614,,26,,
475,10147,"Garrett, Braxton",MIA,P,482.96,347,584,,26,,
476,9470,"Higashioka, Kyle",TEX,C,484.69,429,633,,26,,
477,10764,"Raley, Luke",SEA,"1B, OF",485.65,385,547,,26,,
478,10262,"Hayes, Ke'Bryan",CIN,3B,488.85,427,567,,26,,
479,12216,"Bazzana, Travis",CLE,2B,489.19,405,597,,26,,
480,12189,"Condon, Charlie",COL,1B,489.42,377,627,,26,,
481,10518,"Romano, Jordan",LAA,P,489.96,269,596,,26,,
482,11225,"Nootbaar, Lars",STL,OF,490.12,435,597,,26,,
483,10245,"Bart, Joey",PIT,C,491.5,415,557,,26,,
484,8748,"Martinez, Nick",TB,P,491.62,338,606,,26,,
485,8126,"Goldschmidt, Paul",NYY,1B,491.88,416,609,,26,,
486,10200,"Arias, Gabriel",CLE,"2B, SS",492.15,391,558,,26,,
487,10347,"Santillan, Tony",CIN,P,492.88,381,625,,26,,
488,9800,"Burnes, Corbin",ARZ,P,493.54,408,585,,26,,
489,11677,"Vasquez, Randy",SD,P,494.5,376,603,,26,,
490,8979,"Moncada, Yoan",LAA,3B,496.85,427,584,,26,,
491,10748,"Griffin, Foster",WAS,P,497.12,419,626,,26,,
492,11868,"Boyle, Joe",TB,P,500.65,370,613,,26,,
493,11592,"Julien, Edouard",COL,"1B, 2B",502.92,404,597,,26,,
494,11952,"Loperfido, Joey",HOU,OF,505.04,431,607,,26,,
495,11935,"Brown, Ben",CHC,P,505.31,410,596,,26,,
496,12047,"Jones, Spencer",NYY,OF,505.85,368,628,,26,,
497,12473,"Ritchie, JR",ATL,P,506.19,418,612,,26,,
498,9892,"Soto, Gregory",PIT,P,506.69,323,631,,26,,
499,12482,"Mack, Joe",MIA,C,507.04,418,612,,26,,
500,12214,"Kim, Hyeseong",LAD,2B,507.35,371,623,,26,,
501,11364,"Sands, Cole",MIN,P,507.38,338,706,,26,,
502,11297,"Brash, Matt",SEA,P,507.62,390,617,,26,,
503,9677,"Maton, Phil",CHC,P,508.08,396,662,,26,,
504,10126,"Thomas, Alek",ARZ,OF,510.19,436,600,,26,,
505,9788,"Bauers, Jake",MLW,"OF, 1B",510.42,405,629,,26,,
506,12096,"Schwellenbach, Spencer",ATL,P,511.31,408,610,,26,,
507,10434,"Perez, Wenceel",DET,OF,512.27,431,703,,26,,
508,12472,"Miller, Aidan",PHI,SS,513.81,423,621,,26,,
509,9205,"Strahm, Matt",KC,P,515.35,342,595,,26,,
510,11810,"Mlodzinski, Carmen",PIT,P,517.58,401,634,,26,,
511,10183,"Kremer, Dean",BAL,P,518.35,245,631,,26,,
512,11755,"Burke, Sean",CWS,P,521.27,403,635,,26,,
513,12250,"Tawa, Tim",ARZ,"1B, OF, 2B",522.15,457,610,,26,,
514,12020,"Arrighetti, Spencer",HOU,P,523.12,408,611,,26,,
515,12360,"Barco, Hunter",PIT,P,523.62,373,639,,26,,
516,9648,"Leiter Jr., Mark",ATH,P,524,251,623,,26,,
517,10355,"Casas, Triston",BOS,1B,524.5,429,618,,26,,
518,11846,"Young, Jacob",WAS,OF,526.12,435,632,,26,,
519,11912,"Scott, Christian",NYM,P,526.69,440,604,,26,,
520,9764,"Buehler, Walker",SD,P,527.73,323,638,,26,,
521,10210,"Conine, Griffin",MIA,OF,527.92,432,601,,26,,
522,11742,"Davis, Henry",PIT,C,531.27,440,628,,26,,
523,10873,"Hancock, Emerson",SEA,P,531.35,400,741,,26,,
524,12478,"White, Thomas",MIA,P,532.42,447,657,,26,,
525,11038,"Gonzales, Nick",PIT,2B,533.88,435,609,,26,,
526,11675,"Martinez, Angel",CLE,"2B, OF",534.38,381,648,,26,,
527,11923,"Williams, Jett",MLW,SS,534.85,416,618,,26,,
528,11887,"Waldrep, Hurston",ATL,P,535.15,399,740,,26,,
529,12439,"Karros, Kyle",COL,3B,538.19,451,609,,26,,
530,11266,"Latz, Jacob",TEX,P,538.23,422,695,,26,,
531,12403,"Hernandez, Heriberto",MIA,OF,538.27,436,667,,26,,
532,11375,"Weiss, Ryan",HOU,P,539.19,457,622,,26,,
533,10356,"Freeman, Tyler",COL,OF,539.58,465,626,,26,,
534,11395,"Faucher, Calvin",MIA,P,541.08,440,637,,26,,
535,11223,"Vierling, Matt",DET,OF,542.85,398,673,,26,,
536,11895,"Saggese, Thomas",STL,"2B, SS",543.15,466,662,,26,,
537,11754,"Joyce, Ben",LAA,P,543.27,420,671,,26,,
538,9977,"Mountcastle, Ryan",BAL,1B,544.85,453,605,,26,,
539,12461,"Cole, Zach",HOU,OF,545.88,471,629,,26,,
540,11905,"Johnston, Troy",COL,OF,547.69,434,668,,26,,
541,12195,"Campbell, Kristian",BOS,2B,548.15,473,629,,26,,
542,11331,"Veen, Zac",COL,OF,548.96,435,666,,26,,
543,12046,"Melton, Jacob",TB,OF,549.5,421,683,,26,,
544,11193,"Wells, Tyler",BAL,P,551.04,433,678,,26,,
545,10203,"Lux, Gavin",TB,OF,552.46,454,682,,26,,
546,11289,"Fortes, Nick",TB,C,552.58,445,650,,26,,
547,11307,"Elder, Bryce",ATL,P,553.15,417,653,,26,,
548,11645,"Hamilton, David",MLW,2B,554.35,407,715,,25,,
549,10142,"Alexander, Blaze",BAL,3B,555.04,481,669,,26,,
550,12355,"Matthews, Brice",HOU,2B,557.27,458,664,,26,,
551,11743,"Schmitt, Casey",SF,"2B, 3B",557.38,483,655,,26,,
552,9863,"Kiner-Falefa, Isiah",BOS,"3B, SS",557.85,421,678,,26,,
553,11424,"Varland, Louis",TOR,P,559.04,365,679,,26,,
554,11637,"Lukes, Nathan",TOR,OF,559.96,440,676,,26,,
555,11280,"Junk, Janson",MIA,P,561.65,468,682,,26,,
556,12128,"Baldwin, Brooks",CWS,OF,564.58,476,649,,26,,
557,12430,"Melton, Troy",DET,P,564.73,412,711,,26,,
558,12491,"Lagrange, Carlos",NYY,P,564.81,175,705,,26,,
559,8212,"Sanchez, Gary",MLW,C,564.92,488,673,,26,,
560,10833,"Martin, Austin",MIN,OF,565.19,446,714,,26,,
561,11745,"Gasser, Robert",MLW,P,565.35,426,729,,26,,
562,9936,"Keller, Brad",PHI,P,566.35,456,696,,26,,
563,12194,"Moore, Christian",LAA,2B,566.85,453,720,,26,,
564,8659,"McCullers Jr., Lance",HOU,P,567.58,426,655,,26,,
565,10161,"Paddack, Chris",MIA,P,567.81,483,670,,26,,
566,12040,"Jenkins, Walker",MIN,OF,568.35,491,666,,26,,
567,10296,"Lowe, Nathaniel",CIN,1B,569.54,421,691,,26,,
568,12177,"Sanoja, Javier",MIA,"2B, 3B, OF",571.19,403,672,,26,,
569,9583,"Anderson, Drew",DET,P,571.5,444,680,,26,,
570,12406,"Ritter, Ryan",COL,"2B, SS",572.42,469,701,,26,,
571,12279,"Garcia, Jhostynxon",PIT,OF,573.65,469,660,,26,,
572,9295,"Marquez, German",SD,P,575.35,473,685,,26,,
573,12299,"De Vries, Leodalis",ATH,SS,577.65,397,722,,26,,
574,10362,"Benson, Will",CIN,OF,578.62,441,748,,26,,
575,12209,"Dollander, Chase",COL,P,579.38,458,736,,26,,
576,9792,"Puk, A.J.",ARZ,P,580.88,452,718,,26,,
577,12014,"Fitts, Richard",STL,P,581.23,391,704,,26,,
578,10640,"Civale, Aaron",ATH,P,584.35,507,648,,26,,
579,12444,"Church, Nathan",STL,OF,585.04,376,712,,26,,
580,11838,"Schneider, Davis",TOR,"2B, OF",585.54,499,710,,26,,
581,9557,"Sosa, Edmundo",PHI,"2B, 3B",585.85,505,689,,26,,
582,10225,"Fraley, Jake",TB,OF,586.19,505,689,,26,,
583,7514,"Santana, Carlos",ARZ,1B,586.88,504,725,,26,,
584,10725,"Rogers, Tyler",TOR,P,588.08,400,680,,26,,
585,11423,"Henry, Cole",WAS,P,589.46,489,686,,26,,
586,10372,"Ashby, Aaron",MLW,P,589.92,488,679,,26,,
587,8189,"Pomeranz, Drew",LAA,P,590.58,487,667,,26,,
588,10705,"Heim, Jonah",ATL,C,593,522,708,,26,,
589,8807,"Rojas, Miguel",LAD,"3B, 2B, SS",593.92,510,702,,26,,
590,12329,"Rodriguez, Elmer",NYY,P,594.04,468,670,,26,,
591,9123,"Armstrong, Shawn",CLE,P,599.35,480,716,,26,,
592,9124,"Rea, Colin",CHC,P,599.58,503,674,,26,,
593,8951,"Berrios, Jose",TOR,P,602,446,727,,25,,
594,12367,"Clark, Max",DET,OF,602.73,509,738,,26,,
595,8633,"Harvey, Hunter",CHC,P,604.96,508,702,,26,,
596,10838,"Bleday, JJ",CIN,OF,606.96,445,699,,24,,
597,11442,"Pallante, Andre",STL,P,607.92,503,734,,25,,
598,10877,"Williamson, Brandon",CIN,P,608.31,455,717,,25,,
599,11990,"Rodriguez, Emmanuel",MIN,OF,610.08,538,703,,26,,
600,11662,"Ferrer, Jose A.",SEA,P,610.81,437,691,,26,,
601,8650,"Stephenson, Robert",LAA,P,611.69,451,733,,25,,
602,12377,"Williamson, Ben",TB,3B,611.81,459,715,,24,,
603,12338,"Kemp, Otto",PHI,3B,612.58,483,726,,25,,
604,10345,"Myers, Tobias",NYM,P,613.96,513,734,,26,,
605,9515,"Alvarado, Jose",PHI,P,615.04,393,732,,26,,
606,8954,"Conforto, Michael",CHC,OF,615.04,490,721,,25,,
607,12192,"Mathews, Quinn",STL,P,616.15,537,695,,26,,
608,12483,"Anderson, Kade",SEA,P,616.92,498,732,,26,,
609,9387,"Frazier, Adam",LAA,"2B, OF",617.23,511,696,,26,,
610,12169,"Halvorsen, Seth",COL,P,617.85,375,747,,24,,
611,12231,"Freeland, Alex",LAD,3B,617.96,463,699,,21,,
612,11621,"Montgomery, Mason",PIT,P,621.77,483,719,,25,,
613,11470,"Martin, Davis",CWS,P,622.08,516,744,,26,,
614,8688,"Pederson, Joc",TEX,UT,624,493,719,,26,,
615,12098,"Schneemann, Daniel",CLE,"2B, 3B, OF",624.54,448,743,,26,,
616,10784,"Vesia, Alex",LAD,P,625,548,728,,26,,
617,12435,"Kayfus, CJ",CLE,OF,625.35,526,706,,26,,
618,9706,"Kittredge, Andrew",BAL,P,625.42,474,702,,24,,
619,10318,"Mauricio, Ronny",NYM,3B,625.46,529,701,,25,,
620,8897,"McCann, James",ARZ,C,625.54,522,707,,25,,
621,9599,"Santander, Anthony",TOR,OF,626.96,481,749,,24,,
622,10937,"Wong, Connor",BOS,C,628.12,535,737,,26,,
623,12592,"Song, Sung-Mun",SD,3B,628.31,430,694,,25,,
624,10853,"Baker, Bryan",TB,P,628.54,396,741,,26,,
625,11986,"McDonald, Trevor",SF,P,629.73,497,747,,25,,
626,11370,"Duran, Ezequiel",TEX,"1B, SS",629.92,510,731,,25,,
627,11276,"Gonzalez, Romy",BOS,"1B, 2B",631.12,450,744,,22,,
628,10976,"Irvin, Jake",WAS,P,636.5,467,742,,23,,
629,11399,"Outman, James",MIN,OF,638.81,486,747,,26,,
630,12199,"Thomas, Colby",ATH,OF,639.46,534,731,,25,,
631,11624,"Gelof, Zack",ATH,2B,639.69,536,734,,25,,
632,11924,"Povich, Cade",BAL,P,640.81,545,730,,26,,
633,11629,"Yoshida, Masataka",BOS,UT,643.15,546,715,,24,,
634,11594,"Olson, Reese",DET,P,643.81,519,746,,23,,
635,9519,"Stanek, Ryne",STL,P,645.04,390,736,,21,,
636,10209,"Canning, Griffin",SD,P,645.58,558,741,,25,,
637,11323,"Velazquez, Nelson",KC,OF,646.58,426,743,,17,,
638,11283,"Crawford, Kutter",BOS,P,647.77,508,749,,26,,
639,10839,"Encarnacion, Jerar",SF,OF,648.69,453,744,,22,,
640,12389,"Blubaugh, AJ",HOU,P,650.08,534,716,,25,,
641,12161,"Ginn, J.T.",ATH,P,650.27,554,730,,25,,
642,12368,"Johnson, Ryan",LAA,P,650.92,507,744,,20,,
643,9028,"Lorenzen, Michael",COL,P,651.92,516,726,,25,,
644,11557,"Cruz, Fernando",NYY,P,655.08,539,734,,26,,
645,12220,"Klassen, George",LAA,P,655.27,496,723,,24,,
646,9862,"Trevino, Jose",CIN,C,655.88,513,728,,23,,
647,11954,"Pauley, Graham",MIA,3B,657.04,560,743,,25,,
648,12484,"Jump, Gage",ATH,P,657.81,527,743,,26,,
649,11792,"Bradford, Cody",TEX,P,659.31,523,744,,24,,
650,8418,"Walker, Taijuan",PHI,P,663.73,558,740,,25,,
651,9600,"Torrens, Luis",NYM,C,664.04,536,718,,24,,
652,10234,"Jackson, Jeremiah",BAL,OF,666.5,557,714,,23,,
653,9524,"Mateo, Jorge",ATL,SS,667.15,512,730,,23,,
654,8280,"Quintana, Jose",COL,P,667.35,513,734,,25,,
655,10444,"Moore, Dylan",PHI,"2B, OF",667.35,555,737,,22,,
656,10485,"France, Ty",SD,1B,667.38,555,732,,21,,
657,11681,"DeLuca, Jonny",TB,OF,667.88,555,731,,26,,
658,11528,"Gaddis, Hunter",CLE,P,668.23,435,748,,24,,
659,12345,"Perkins, Jack",ATH,P,669.54,556,742,,25,,
660,11401,"Sears, JP",SD,P,669.73,511,745,,24,,
661,12197,"Schultz, Noah",CWS,P,670,572,750,,23,,
662,11789,"Fry, David",CLE,UT,671.54,514,736,,22,,
663,10408,"Isbel, Kyle",KC,OF,671.58,597,742,,22,,
664,11736,"Encarnacion-Strand, Christian",CIN,1B,672.69,483,736,,22,,
665,11606,"Mead, Curtis",CWS,"1B, 3B",674.46,584,725,,21,,
666,9923,"Barlow, Scott",ATH,P,675.23,545,748,,21,,
667,11043,"Campusano, Luis",SD,UT,675.42,532,733,,21,,
668,11780,"Chaparro, Andres",WAS,1B,675.54,532,730,,20,,
669,10955,"Walls, Taylor",TB,SS,676.27,476,750,,22,,
670,10205,"Valera, George",CLE,UT,676.77,565,747,,24,,
671,12481,"Wiggins, Jaxon",CHC,P,677.12,548,750,,23,,
672,8941,"Freeland, Kyle",COL,P,679.12,534,744,,22,,
673,10025,"Adam, Jason",SD,P,680.12,552,750,,24,,
674,11417,"Ashcraft, Graham",CIN,P,680.35,485,749,,24,,
675,12517,"McDougal, Tanner",CWS,P,681,570,729,,21,,
676,9549,"Garver, Mitch",SEA,C,682.81,545,715,,20,,
677,12631,"Antonacci, Sam",CWS,2B,685.38,541,749,,19,,
678,8211,"d'Arnaud, Travis",LAA,C,685.46,550,721,,17,,
679,10499,"Lawrence, Justin",PIT,P,685.85,586,747,,20,,
680,9500,"Rosario, Amed",NYY,3B,686.08,497,748,,20,,
681,12173,"Lockridge, Brandon",MLW,OF,686.12,512,749,,18,,
682,10688,"Speier, Gabe",SEA,P,686.15,543,748,,19,,
683,12181,"Wagaman, Eric",MIN,"1B, OF",686.19,594,748,,20,,
684,10425,"Palacios, Richie",TB,OF,687.73,466,742,,16,,
685,12288,"Bergert, Ryan",KC,P,687.88,566,746,,17,,
686,12450,"Crooks, Jimmy",STL,C,687.96,542,748,,20,,
687,12485,"Ortiz, Abimelec",WAS,1B,688.27,567,748,,20,,
688,9719,"Fedde, Erick",CWS,P,688.81,563,740,,16,,
689,12159,"Casparius, Ben",LAD,P,689.15,606,728,,20,,
690,11855,"Phillips, Connor",CIN,P,691.5,600,748,,22,,
691,11876,"Kerkering, Orion",PHI,P,691.54,483,748,,21,,
692,11820,"Myers, Dane",CIN,OF,691.58,563,749,,21,,
693,7538,"Flores, Wilmer",SF,1B,692.19,487,733,,13,,
694,11967,"Kochanowicz, Jack",LAA,P,692.42,521,744,,15,,
695,11920,"Hernaiz, Darell",ATH,"3B, SS",692.77,572,741,,18,,
696,11797,"Monasterio, Andruw",BOS,SS,693.85,615,745,,21,,
697,12476,"Culpepper, Kaelen",MIN,SS,694.42,574,749,,16,,
698,7736,"Marte, Starling",KC,UT,694.69,493,748,,20,,
699,11412,"Allen, Logan",CLE,P,695.42,550,747,,18,,
700,8929,"Refsnyder, Rob",SEA,OF,695.81,468,743,,16,,
701,12340,"Alvarado, Elvis",ATH,P,696.42,513,745,,17,,
702,8679,"Smith, Dominic",ATL,1B,697.46,441,749,,20,,
703,12131,"Hopkins, Brody",TB,P,698.46,557,742,,19,,
704,11046,"Hassell III, Robert",WAS,OF,698.5,551,747,,21,,
705,10445,"Urias, Ramon",STL,"2B, 3B",700.08,521,745,,18,,
706,12221,"Agnos, Zach",COL,P,700.15,468,745,,13,,
707,12111,"King, Bryan",HOU,P,700.85,538,736,,17,,
708,12521,"Montgomery, Braden",CWS,OF,702.46,558,742,,16,,
709,12196,"Smith, Hagen",CWS,P,703.65,603,750,,16,,
710,10165,"Schmidt, Clarke",NYY,P,706.54,528,747,,16,,
711,11965,"Amador, Adael",COL,2B,706.62,606,741,,20,,
712,10960,"Thompson, Ryan",ARZ,P,706.77,645,748,,18,,
713,10308,"Sandoval, Patrick",BOS,P,706.77,594,748,,17,,
714,12369,"Lord, Brad",WAS,P,707.12,632,739,,20,,
715,12503,"Susac, Daniel",SF,C,707.46,560,733,,13,,
716,12551,"Urena, Walbert",LAA,P,707.54,497,737,,11,,
717,12637,"Lombard Jr., George",NYY,SS,707.96,507,736,,11,,
718,11584,"Rodriguez, Endy",PIT,1B,708.15,593,749,,16,,
719,11126,"Topa, Justin",MIN,P,708.23,599,740,,16,,
720,9807,"Yarbrough, Ryan",NYY,P,709.04,618,749,,19,,
721,11678,"Matos, Luis",SF,OF,709.62,573,743,,14,,
722,8835,"Hernandez, Enrique",LAD,"1B, 3B, OF",709.77,571,740,,13,,
723,11906,"Quero, Jeferson",MLW,C,710.42,598,746,,18,,
724,12378,"Fulford, Braxton",COL,C,710.77,591,750,,14,,
725,10604,"Mattson, Isaac",PIT,P,711.04,540,740,,11,,
726,10821,"White, Eli",ATL,OF,711.08,556,750,,14,,
727,10842,"Lee, Dylan",ATL,P,711.12,587,747,,16,,
728,10691,"Heineman, Tyler",TOR,C,711.19,565,742,,13,,
729,11156,"Peraza, Oswald",LAA,3B,711.42,551,738,,13,,
730,9819,"Mikolas, Miles",WAS,P,711.58,563,750,,15,,
731,10645,"Urquidy, Jose",PIT,P,711.88,512,750,,13,,
732,12210,"Roden, Alan",MIN,OF,712.38,583,737,,12,,
733,8895,"Garcia, Yimi",TOR,P,713.27,553,749,,17,,
734,11975,"Mejia, Juan",COL,P,713.73,611,743,,15,,
735,10223,"Jones, Jahmai",DET,OF,714.19,510,739,,12,,
736,12352,"Made, Jesus",MLW,SS,714.73,590,749,,14,,
737,11956,"Whisenhunt, Carson",SF,P,715.23,605,747,,16,,
738,6696,"McCutchen, Andrew",TEX,UT,716.54,568,743,,10,,
739,10167,"Winn, Cole",TEX,P,718.15,529,746,,14,,
740,9828,"Wynns, Austin",ATH,C,718.31,515,749,,12,,
741,10193,"Ruiz, Esteury",MIA,OF,718.35,550,749,,13,,
742,9876,"Lopez, Pablo",MIN,P,718.46,206,450,,2,,
743,11771,"Kjerstad, Heston",BAL,OF,718.88,576,747,,13,,
744,12005,"Drohan, Shane",MLW,P,719.04,614,746,,15,,
745,12034,"Crim, Blaine",COL,1B,719.23,584,738,,11,,
746,12496,"Rada, Nelson",LAA,OF,719.27,567,739,,11,,
747,11350,"Diaz, Alexis",TEX,P,719.46,664,743,,16,,
748,11113,"Hinds, Rece",CIN,OF,719.92,590,735,,11,,
749,12501,"Rodriguez, Jesus",SF,C,720.38,572,749,,11,,
750,12346,"Walcott, Sebastian",TEX,SS,721,623,747,,12,,
751,11587,"Stone, Gavin",LAD,P,721.81,603,741,,16,,
752,9897,"Loaisiga, Jonathan",ARZ,P,721.88,593,742,,11,,
753,9264,"Candelario, Jeimer",LAA,3B,722.27,579,735,,10,,
754,8947,"Newcomb, Sean",CWS,P,722.54,570,748,,12,,
755,10501,"Herget, Jimmy",COL,P,723.08,554,744,,9,,
756,10854,"Manoah, Alek",LAA,P,723.12,556,737,,10,,
757,10259,"Gray, Josiah",WAS,P,723.38,545,705,,7,,
758,12536,"Wenninger, Jack",NYM,P,724.65,656,748,,12,,
759,10406,"Alcantara, Kevin",CHC,OF,724.92,632,740,,14,,
760,12300,"Osuna, Alejandro",TEX,OF,725.54,606,747,,10,,
761,11516,"Massey, Michael",KC,2B,725.88,649,748,,12,,
762,12486,"Gibson, Trey",BAL,P,726.12,612,749,,11,,
763,8170,"Hendriks, Liam",BOS,P,726.15,551,748,,8,,
764,11902,"Festa, David",MIN,P,726.19,637,750,,10,,
765,12489,"Ingle, Cooper",CLE,C,726.35,615,745,,10,,
766,11459,"Holton, Tyler",DET,P,726.35,494,747,,9,,
767,10531,"Rogers, Jake",DET,C,726.5,588,748,,10,,
768,11145,"Yorke, Nick",PIT,2B,726.69,595,749,,10,,
769,8773,"Grichuk, Randal",NYY,OF,726.69,609,728,,8,,
770,12045,"Petty, Chase",CIN,P,728,616,747,,10,,
771,9880,"Tellez, Rowdy",TEX,1B,728.19,561,746,,9,,
772,10470,"Suarez, Jose",ATL,P,728.35,540,729,,6,,
773,9698,"Tauchman, Mike",CWS,OF,728.46,529,746,,6,,
774,11531,"Grissom, Vaughn",LAA,2B,728.5,603,746,,12,,
775,10926,"Espino, Daniel",CLE,P,728.85,482,743,,8,,
776,11890,"Black, Tyler",MLW,1B,728.92,602,740,,10,,
777,12475,"Clifford, Ryan",NYM,1B,729.15,578,732,,9,,
778,12495,"Bolte, Henry",ATH,OF,730.08,586,750,,10,,
779,11262,"Pozo, Yohel",STL,C,730.12,628,743,,9,,
780,11400,"Butto, Jose",SF,P,730.62,568,747,,9,,
781,11547,"Assad, Javier",CHC,P,731.04,586,749,,9,,
782,11205,"Bender, Anthony",MIA,P,731.46,627,732,,7,,
783,12280,"Dobbins, Hunter",STL,P,731.73,640,737,,9,,
784,11148,"Sugano, Tomoyuki",COL,P,732.08,653,745,,13,,
785,10524,"Akin, Keegan",BAL,P,732.27,588,745,,7,,
786,10187,"Hall, DL",MLW,P,732.54,565,735,,6,,
787,8079,"LeMahieu, DJ",NYY,2B,733.46,296,750,,2,,
788,12009,"Kolek, Stephen",KC,P,733.62,667,745,,9,,
789,8272,"Corbin, Patrick",TEX,P,733.96,517,741,,5,,
790,11403,"Jameson, Drey",ARZ,P,734.12,655,742,,8,,
791,6918,"Morton, Charlie",ATL,P,734.15,416,701,,3,,
792,11987,"Miller, Erik",SF,P,734.27,570,729,,6,,
793,8919,"Pham, Tommy",PIT,OF,734.27,520,739,,5,,
794,12008,"Slaten, Justin",BOS,P,734.62,590,746,,6,,
795,12445,"Peguero, Joel",SF,P,734.85,616,742,,7,,
796,10781,"Espinal, Santiago",LAD,3B,734.88,629,718,,7,,
797,11850,"Funderburk, Kody",MIN,P,734.92,579,750,,5,,
798,11489,"Koenig, Jared",MLW,P,735.04,608,745,,9,,
799,11382,"Noel, Jhonkensy",BAL,OF,735.62,516,731,,4,,
800,12607,"Baumler, Carter",TEX,P,735.88,626,742,,6,,
801,11172,"Zerpa, Angel",MLW,P,735.92,662,750,,8,,
802,11467,"Cano, Yennier",BAL,P,737.19,645,737,,7,,
803,12542,"Velazquez , Ralphy",CLE,1B,737.19,616,744,,4,,
804,12296,"Dreyer, Jack",LAD,P,737.27,603,710,,5,,
805,11984,"Perales, Luis",WAS,P,737.46,538,750,,5,,
806,12167,"Sabrowski, Erik",CLE,P,737.5,520,726,,3,,
807,11683,"Simpson, Josh",SEA,P,737.62,403,403,,1,,
808,7791,"Perez, Martin",CWS,P,737.69,601,726,,4,,
809,10197,"Pereira, Everson",CWS,OF,737.88,646,730,,6,,
810,12242,"Escarra, J.C.",NYY,C,737.88,628,728,,5,,
811,10230,"Kelenic, Jarred",ATL,OF,738.08,626,695,,4,,
812,10109,"Straw, Myles",TOR,OF,738.23,659,747,,8,,
813,8228,"Profar, Jurickson",ATL,OF,738.31,421,421,,1,,
814,9779,"Kopech, Michael",LAD,P,738.38,591,746,,8,,
815,12273,"Strowd, Kade",ARZ,P,738.73,656,750,,7,,
816,12511,"Anderson, Max",DET,2B,738.96,610,711,,4,,
817,9957,"Hicks, Jordan",CWS,P,739,605,722,,5,,
818,11552,"Little, Brendon",TOR,P,739.12,578,746,,5,,
819,11776,"Fermin, Jose",STL,2B,739.42,595,735,,5,,
820,12392,"Tidwell, Blade",SF,P,739.5,629,748,,5,,
821,11651,"Bernabel, Warming",COL,1B,739.58,541,664,,2,,
822,10448,"Clarke, Taylor",ARZ,P,739.65,622,730,,4,,
823,9782,"Jimenez, Eloy",BAL,UT,739.69,655,749,,6,,
824,12538,"Long, Jonathon",CHC,1B,739.85,594,750,,6,,
825,8736,"Kahnle, Tommy",DET,P,740.46,504,724,,2,,
826,10476,"Brubaker, JT",SF,P,740.69,532,702,,2,,
827,11779,"Feduccia, Hunter",TB,C,740.73,634,746,,6,,
828,12457,"Harris, Hayden",ATL,P,740.92,550,740,,3,,
829,10979,"Ibanez, Andy",ATH,3B,741.23,653,684,,3,,
830,10114,"Taylor, Tyrone",NYM,OF,741.31,653,742,,5,,
831,9734,"Minter, A.J.",NYM,P,741.54,543,713,,2,,
832,11961,"Montero, Keider",DET,P,741.54,610,730,,4,,
833,7760,"Kimbrel, Craig",HOU,P,741.58,506,506,,1,,
834,12030,"Rodriguez, Hector",CIN,OF,741.73,674,741,,6,,
835,12488,"Briceno, Josue",DET,C,741.81,608,714,,3,,
836,8699,"McGuire, Reese",CWS,C,741.85,613,651,,2,,
837,9547,"Junis, Jakob",TEX,P,741.85,513,513,,1,,
838,11416,"Kilian, Caleb",SF,P,741.88,646,746,,4,,
839,10271,"Wade Jr., LaMonte",LAA,"OF, 1B",742.12,578,749,,3,,
840,11270,"Criswell, Cooper",SEA,P,742.23,611,745,,3,,
841,10857,"Allen, Nick",HOU,SS,742.31,624,652,,2,,
842,10304,"Jones, Nolan",CLE,OF,742.31,607,734,,5,,
843,12595,"Troy, Tommy",ARZ,2B,742.42,628,713,,3,,
844,11398,"Vivas, Jorbit",WAS,2B,742.42,616,663,,2,,
845,11468,"Silseth, Chase",LAA,P,742.46,529,529,,1,,
846,12394,"Fisher, Braydon",TOR,P,742.54,617,746,,4,,
847,12505,"Arnold, Jamie",ATH,P,742.65,632,653,,2,,
848,12026,"Birdsong, Hayden",SF,P,742.77,693,750,,9,,
849,7867,"Iglesias, Jose",SD,"SS, 2B, 3B",742.85,642,710,,3,,
850,10190,"Carlson, Dylan",CHC,OF,742.85,648,736,,5,,
851,12487,"Doyle, Liam",STL,P,742.92,625,750,,6,,
852,11620,"McGarry, Griff",WAS,P,742.96,542,542,,1,,
853,12081,"Rivas, Leo",SEA,2B,743.15,660,721,,4,,
854,11171,"Falter, Bailey",KC,P,743.15,668,741,,4,,
855,12213,"Bradfield, Enrique",BAL,OF,743.19,647,716,,3,,
856,11897,"Jobe, Jackson",DET,P,743.62,559,559,,1,,
857,11970,"Parker, Mitchell",WAS,P,743.85,661,730,,3,,
858,11796,"Bachman, Sam",LAA,P,743.88,616,750,,4,,
859,11080,"Toglia, Michael",COL,1B,743.96,663,739,,4,,
860,11605,"Tiedemann, Ricky",TOR,P,743.96,606,713,,2,,
861,12390,"Thomas, Rhylan",SEA,OF,744,569,569,,1,,
862,10661,"Clase, Emmanuel",CLE,P,744.08,631,691,,2,,
863,12048,"Hill, Jaden",COL,P,744.15,573,573,,1,,
864,9537,"Farmer, Kyle",ATL,2B,744.19,601,724,,2,,
865,12454,"Alvarez, Andrew",WAS,P,744.27,576,576,,1,,
866,12498,"Johnson, Ty",TB,P,744.31,647,681,,2,,
867,11427,"Schuemann, Max",NYY,"2B, 3B, SS",744.31,619,739,,3,,
868,12440,"Gilbert, Drew",SF,OF,744.38,682,736,,4,,
869,9172,"Kepler, Max",PHI,OF,744.5,608,725,,2,,
870,12144,"Del Castillo, Adrian",ARZ,UT,744.5,626,740,,3,,
871,12506,"De Paula, Josue",LAD,OF,744.54,661,713,,3,,
872,9894,"Estrada, Thairo",COL,2B,744.77,696,721,,4,,
873,11863,"Gipson-Long, Sawyer",DET,P,745.38,670,744,,5,,
874,11578,"Brennan, Will",SF,OF,745.38,641,745,,3,,
875,9869,"Perez, Cionel",WAS,P,745.42,695,710,,3,,
876,12427,"Cortes, Carlos",ATH,OF,745.58,716,741,,5,,
877,11941,"Bliss, Ryan",SEA,2B,745.69,693,750,,4,,
878,12206,"Maxwell, Zach",CIN,P,745.85,617,617,,1,,
879,11383,"Tena, Jose",WAS,3B,745.85,684,684,,2,,
880,11988,"Teng, Kai-Wei",HOU,P,746,664,747,,4,,
881,11090,"Paris, Kyren",LAA,OF,746.04,654,746,,3,,
882,11127,"Foley, Jason",SF,P,746.04,622,622,,1,,
883,12018,"Joyce, Jimmy",SEA,P,746.12,624,624,,1,,
884,11064,"Marchan, Rafael",PHI,C,746.15,708,746,,5,,
885,11929,"Jung, Jace",DET,3B,746.15,674,737,,4,,
886,12639,"White , Tommy",ATH,3B,746.31,629,629,,1,,
887,11236,"Wilson, Jacob",HOU,UT,746.38,631,631,,1,,
888,12514,"Valdez, Esmerlyn",PIT,OF,746.38,672,710,,2,,
889,11773,"Brito, Juan",CLE,2B,746.5,634,634,,1,,
890,9635,"Phillips, Evan",LAD,P,746.5,634,634,,1,,
891,12512,"Bratt, Mitch",ARZ,P,746.5,722,738,,5,,
892,9578,"Blackburn, Paul",NYY,P,746.54,635,635,,1,,
893,12370,"Koss, Christian",SF,2B,746.54,635,635,,1,,
894,10274,"Taveras, Leody",BAL,OF,746.58,645,750,,3,,
895,12353,"Lee, Hao-Yu",DET,3B,746.62,681,707,,2,,
896,10253,"Miranda, Jose",MIN,3B,746.62,663,747,,4,,
897,8494,"Thielbar, Caleb",CHC,P,746.69,681,709,,2,,
898,9783,"Meadows, Austin",DET,OF,746.77,641,641,,1,,
899,11058,"Knack, Landon",LAD,P,746.81,664,729,,2,,
900,11379,"Bautista, Felix",BAL,P,746.85,682,747,,3,,
901,12371,"Braun, Lucas",ATL,P,746.88,695,732,,3,,
902,12646,"Fischer, Andrew",MLW,3B,747,668,743,,3,,
903,11615,"De Los Santos, Deyvison",MIA,1B,747,697,701,,2,,
904,9646,"Montgomery, Jordan",TEX,P,747,690,736,,3,,
905,12589,"Lopez, Leandro",TEX,P,747,689,709,,2,,
906,11165,"Bazardo, Eduard",SEA,P,747.15,696,706,,2,,
907,11680,"Winn, Keaton",SF,P,747.15,709,743,,4,,
908,8363,"Raley, Brooks",NYM,P,747.15,700,702,,2,,
909,11815,"Waldron, Matt",SD,P,747.23,653,653,,1,,
910,11874,"Fitzgerald, Tyler",SF,2B,747.27,698,730,,3,,
911,12518,"Alderman, Kemp",MIA,OF,747.31,692,714,,2,,
912,9833,"Beeks, Jalen",TEX,P,747.35,656,656,,1,,
913,12520,"Franklin, Christian",WAS,OF,747.58,662,662,,1,,
914,11719,"Perkins, Blake",MLW,OF,747.69,682,734,,2,,
915,12186,"Henriquez, Edgardo",LAD,P,747.73,666,666,,1,,
916,9938,"Kinley, Tyler",ATL,P,747.85,669,669,,1,,
917,10683,"Haggerty, Sam",TEX,OF,748.04,698,727,,2,,
918,12348,"Susana, Jarlin",WAS,P,748.04,705,720,,2,,
919,9290,"Okert, Steven",HOU,P,748.23,712,718,,2,,
920,9965,"McKenzie, Triston",CLE,P,748.23,679,679,,1,,
921,12410,"Granillo, Andre",WAS,P,748.23,679,679,,1,,
922,12555,"Fernandez, Jose",ARZ,SS,748.27,692,739,,2,,
923,12122,"Bigge, Hunter",TB,P,748.31,696,746,,3,,
924,12164,"Zeferjahn, Ryan",LAA,P,748.31,712,720,,2,,
925,8866,"Taylor, Michael A.",CWS,OF,748.42,684,684,,1,,
926,12141,"Hurter, Brant",DET,P,748.46,685,685,,1,,
927,12635,"Sloan, Ryan",SEA,P,748.5,715,722,,2,,
928,12290,"Acosta, Maximo",MIA,3B,748.5,703,747,,3,,
929,11808,"Bido, Osvaldo",ATL,P,748.54,687,687,,1,,
930,12497,"Reimer, Jacob",NYM,3B,748.62,720,743,,3,,
931,11847,"Wicks, Jordan",CHC,P,748.65,716,725,,2,,
932,11493,"Bird, Jake",NYY,P,748.65,690,690,,1,,
933,12462,"Guzman, Denzer",LAA,SS,748.65,690,690,,1,,
934,12307,"Ward, Ryan",LAD,OF,748.65,708,744,,3,,
935,11282,"Feltner, Ryan",COL,P,748.69,695,747,,2,,
936,12354,"Pratt, Cooper",MLW,SS,748.69,704,738,,2,,
937,11157,"Gomez, Yoendrys",TB,P,748.73,692,692,,1,,
938,12494,"Bernal, Leonardo",STL,C,748.73,695,748,,2,,
939,12123,"Gordon, Tanner",COL,P,748.77,693,693,,1,,
940,11916,"Rodriguez, Yariel",TOR,P,748.85,695,695,,1,,
941,12232,"Prielipp, Connor",MIN,P,748.88,730,748,,5,,
942,11313,"Lee, Korey",CWS,C,748.92,697,697,,1,,
943,12049,"Locklear, Tyler",ARZ,1B,748.96,698,698,,1,,
944,12611,"Bremner, Tyler",FA,P,749,724,744,,3,,
945,12629,"Sirota, Mike",LAD,OF,749.12,702,702,,1,,
946,12277,"Avila, Luinder",KC,P,749.19,725,730,,2,,
947,12624,"Arroyo, Michael",SEA,2B,749.27,719,738,,2,,
948,11896,"Thorpe, Drew",CWS,P,749.27,706,706,,1,,
949,12428,"Freeman, Cody",TEX,2B,749.27,706,706,,1,,
950,7150,"Kershaw, Clayton",LAD,P,749.38,709,709,,1,,
951,12155,"Sweeney, Trey",DET,SS,749.42,718,743,,2,,
952,9563,"Banda, Anthony",MIN,P,749.42,726,735,,2,,
953,10487,"Sborz, Josh",TEX,P,749.5,712,712,,1,,
954,12534,"Ward, Braiden",COL,OF,749.54,713,713,,1,,
955,12156,"Whitcomb, Shay",HOU,2B,749.62,715,715,,1,,
956,12560,"Cruz, Trei",DET,SS,749.62,715,715,,1,,
957,5831,"Hill, Rich",KC,P,749.65,716,716,,1,,
958,12540,"Drake, Kohl",ARZ,P,749.65,716,716,,1,,
959,12129,"Alvarez Jr., Nacho",ATL,3B,749.73,733,746,,3,,
960,12533,"Groover, LuJames",ARZ,3B,749.77,719,719,,1,,
961,9987,"Brujan, Vidal",NYM,3B,749.77,719,719,,1,,
962,11536,"Nardi, Andrew",MIA,P,749.85,721,721,,1,,
963,12033,"Hence, Tink",STL,P,749.88,722,722,,1,,
964,12405,"Rodriguez, Bradgley",SD,P,749.92,723,723,,1,,
965,8756,"Treinen, Blake",LAD,P,749.96,724,724,,1,,
966,6704,"Chavez, Jesse",ATL,P,750,725,725,,1,,
967,10677,"Brown, Seth",ATH,OF,750,725,725,,1,,
968,10295,"Pearson, Nate",HOU,P,750,725,725,,1,,
969,10903,"Sousa, Bennett",HOU,P,750.04,726,726,,1,,
970,11731,"Varland, Gus",WAS,P,750.04,726,726,,1,,
971,11949,"Salas, Ethan",SD,C,750.04,726,726,,1,,
972,9974,"Kelly, Michael",ATH,P,750.08,729,749,,2,,
973,12493,"Pecko, Ethan",HOU,P,750.08,737,747,,3,,
974,12339,"Schreck, RJ",TOR,OF,750.23,731,731,,1,,
975,11666,"Martinez, Justin",ARZ,P,750.23,741,750,,3,,
976,12519,"Crow, Coleman",MLW,P,750.27,739,744,,2,,
977,11515,"Eaton, Nate",BOS,OF,750.31,733,733,,1,,
978,11406,"Wiemer, Joey",WAS,OF,750.35,734,734,,1,,
979,12585,"Gray, Peyton",TEX,P,750.38,735,735,,1,,
980,12145,"Dezenzo, Zach",HOU,OF,750.38,735,735,,1,,
981,12423,"Poulin, PJ",WAS,P,750.42,736,736,,1,,
982,11768,"Wisely, Brett",ATL,2B,750.42,736,736,,1,,
983,10749,"Antone, Tejay",CIN,P,750.42,736,736,,1,,
984,12528,"Torres, Bryan",STL,OF,750.46,737,737,,1,,
985,12380,"Morillo, Juan",ARZ,P,750.5,741,748,,2,,
986,10585,"Weissert, Greg",BOS,P,750.5,738,738,,1,,
987,12429,"Garcia, Brandyn",ARZ,P,750.5,738,738,,1,,
988,12543,"Bennett, Jake",BOS,P,750.5,738,738,,1,,
989,10520,"Call, Alex",LAD,OF,750.5,738,738,,1,,
990,9448,"Peralta, Wandy",SD,P,750.54,739,739,,1,,
991,12225,"Yoho, Craig",MLW,P,750.58,740,740,,1,,
992,8670,"Heaney, Andrew",LAD,P,750.62,741,741,,1,,
993,12546,"White, Josh",MIA,P,750.62,741,741,,1,,
994,12532,"Franco, Jose",CIN,P,750.62,741,741,,1,,
995,8645,"Johnson, Pierce",CIN,P,750.65,742,742,,1,,
996,9666,"DeJong, Paul",WAS,3B,750.73,744,744,,1,,
997,12374,"Tolbert, Tyler",KC,OF,750.77,745,745,,1,,
998,11073,"Miller, Bobby",LAD,P,750.81,746,746,,1,,
999,6858,"Price, David",LAD,P,750.81,746,746,,1,,
1000,11770,"Foscue, Justin",TEX,1B,750.85,747,747,,1,,
1001,12207,"Harrington, Thomas",PIT,P,750.88,748,748,,1,,
1002,8431,"Hedges, Austin",CLE,C,750.92,749,749,,1,,
1003,10910,"Mears, Nick",KC,P,750.96,750,750,,1,,
